timeOpen;timeClose;timeHigh;timeLow;name;open;high;low;close;volume;marketCap;timestamp
"2018-12-31T00:00:00.000Z";"2018-12-31T23:59:59.999Z";"2018-12-31T00:02:10.000Z";"2018-12-31T22:31:09.000Z";"2781";163.521878669;163.521878669;148.961668266;151.045693919;184371700.4;2649556711.45309;"2018-12-31T23:59:59.999Z"
"2018-12-30T00:00:00.000Z";"2018-12-30T23:59:59.999Z";"2018-12-30T00:07:02.000Z";"2018-12-30T08:52:09.000Z";"2781";165.15080899;165.346072293;159.637345059;163.622124959;254982420.31;2869903437.90899;"2018-12-30T23:59:59.999Z"
"2018-12-29T00:00:00.000Z";"2018-12-29T23:59:59.999Z";"2018-12-29T00:17:07.000Z";"2018-12-29T19:35:08.000Z";"2781";174.469632205;175.278410164;164.479438251;165.059644615;308440731.89;2894826363.48566;"2018-12-29T23:59:59.999Z"
"2018-12-28T00:00:00.000Z";"2018-12-28T23:59:59.999Z";"2018-12-28T19:10:04.000Z";"2018-12-28T02:01:12.000Z";"2781";150.556193701;176.189848906;144.174231803;173.998970772;466524537.01;3051295976.16189;"2018-12-28T23:59:59.999Z"
"2018-12-27T00:00:00.000Z";"2018-12-27T23:59:59.999Z";"2018-12-27T01:06:14.000Z";"2018-12-27T23:29:08.000Z";"2781";175.41226995;177.191520894;147.837225273;150.127578414;339080967.68;2632368862.02149;"2018-12-27T23:59:59.999Z"
"2018-12-26T00:00:00.000Z";"2018-12-26T23:59:59.999Z";"2018-12-26T01:08:15.000Z";"2018-12-26T15:04:15.000Z";"2781";172.059543011;186.336315824;165.539364499;175.510304934;537284642.95;3077145390.64941;"2018-12-26T23:59:59.999Z"
"2018-12-25T00:00:00.000Z";"2018-12-25T23:59:59.999Z";"2018-12-25T00:04:09.000Z";"2018-12-25T03:53:11.000Z";"2781";183.031410819;183.031410819;155.402814998;170.909347319;621674075.65;2996171176.8794;"2018-12-25T23:59:59.999Z"
"2018-12-24T00:00:00.000Z";"2018-12-24T23:59:59.999Z";"2018-12-24T07:29:09.000Z";"2018-12-24T19:34:11.000Z";"2781";200.034063974;213.715337611;179.086263628;182.259668623;611323717.86;3194811505.32571;"2018-12-24T23:59:59.999Z"
"2018-12-23T00:00:00.000Z";"2018-12-23T23:59:59.999Z";"2018-12-23T12:18:09.000Z";"2018-12-23T01:19:16.000Z";"2781";197.892731423;209.859549879;189.158620755;197.662818055;578345903.41;3464468332.25792;"2018-12-23T23:59:59.999Z"
"2018-12-22T00:00:00.000Z";"2018-12-22T23:59:59.999Z";"2018-12-22T01:06:10.000Z";"2018-12-22T14:20:07.000Z";"2781";196.303179834;206.446717443;184.078007793;196.668576564;716022686;3446690555.00031;"2018-12-22T23:59:59.999Z"
"2018-12-21T00:00:00.000Z";"2018-12-21T23:59:59.999Z";"2018-12-21T02:07:13.000Z";"2018-12-21T16:45:08.000Z";"2781";190.480194987;229.012739268;177.328588913;194.295604268;1520475210.69;3404763308.34083;"2018-12-21T23:59:59.999Z"
"2018-12-20T00:00:00.000Z";"2018-12-20T23:59:59.999Z";"2018-12-20T16:17:10.000Z";"2018-12-20T00:12:09.000Z";"2781";126.283837015;200.07811515;125.208372838;194.230971633;1558759484.46;3403293233.96912;"2018-12-20T23:59:59.999Z"
"2018-12-19T00:00:00.000Z";"2018-12-19T23:59:59.999Z";"2018-12-19T17:30:10.000Z";"2018-12-19T00:32:09.000Z";"2781";105.437731251;144.0957738;103.064095455;128.44801118;532417073.16;2250407550.27346;"2018-12-19T23:59:59.999Z"
"2018-12-18T00:00:00.000Z";"2018-12-18T23:59:59.999Z";"2018-12-18T21:10:09.000Z";"2018-12-18T21:37:11.000Z";"2781";90.3098838449;105.776613289;87.5908932876;105.200765725;188289946.34;1842897808.90355;"2018-12-18T23:59:59.999Z"
"2018-12-17T00:00:00.000Z";"2018-12-17T23:59:59.999Z";"2018-12-17T20:57:08.000Z";"2018-12-17T02:27:07.000Z";"2781";81.5320700812;92.9374535623;81.4012269726;90.3450726765;109893212.8;1582485422.31498;"2018-12-17T23:59:59.999Z"
"2018-12-16T00:00:00.000Z";"2018-12-16T23:59:59.999Z";"2018-12-16T06:53:12.000Z";"2018-12-16T00:00:14.000Z";"2781";77.370895085;83.4760279579;77.370895085;81.6390107943;80118715.19;1429835839.92772;"2018-12-16T23:59:59.999Z"
"2018-12-15T00:00:00.000Z";"2018-12-15T23:59:59.999Z";"2018-12-15T06:43:09.000Z";"2018-12-15T15:56:09.000Z";"2781";80.332451295;83.0364209228;75.0753135706;77.3657779544;68901779.57;1354857548.63196;"2018-12-15T23:59:59.999Z"
"2018-12-14T00:00:00.000Z";"2018-12-14T23:59:59.999Z";"2018-12-14T01:36:10.000Z";"2018-12-14T21:56:12.000Z";"2781";90.2431369141;91.9755831498;77.7249098027;80.3707530615;104537194.72;1407338099.28988;"2018-12-14T23:59:59.999Z"
"2018-12-13T00:00:00.000Z";"2018-12-13T23:59:59.999Z";"2018-12-13T00:09:10.000Z";"2018-12-13T08:45:07.000Z";"2781";102.43242086;102.43242086;88.5823645486;90.302278335;74837339.84;1581083402.13337;"2018-12-13T23:59:59.999Z"
"2018-12-12T00:00:00.000Z";"2018-12-12T23:59:59.999Z";"2018-12-12T23:09:13.000Z";"2018-12-12T23:54:09.000Z";"2781";101.713152909;105.801470278;99.4294710636;102.59216028;59280513.72;1796083514.82597;"2018-12-12T23:59:59.999Z"
"2018-12-11T00:00:00.000Z";"2018-12-11T23:59:59.999Z";"2018-12-11T21:16:08.000Z";"2018-12-11T16:24:13.000Z";"2781";107.052742534;107.052742534;97.5692971084;102.072950015;71529997.49;1786818887.80945;"2018-12-11T23:59:59.999Z"
"2018-12-10T00:00:00.000Z";"2018-12-10T23:59:59.999Z";"2018-12-10T00:33:09.000Z";"2018-12-10T18:09:10.000Z";"2781";109.599856548;110.958116441;103.376065346;107.314189131;73938616.71;1878384640.87337;"2018-12-10T23:59:59.999Z"
"2018-12-09T00:00:00.000Z";"2018-12-09T23:59:59.999Z";"2018-12-09T18:37:10.000Z";"2018-12-09T01:27:12.000Z";"2781";103.727682847;112.177568391;103.003873156;109.617948633;120406818.1;1918499081.36582;"2018-12-09T23:59:59.999Z"
"2018-12-08T00:00:00.000Z";"2018-12-08T23:59:59.999Z";"2018-12-08T15:04:07.000Z";"2018-12-08T15:13:09.000Z";"2781";106.235096426;109.957054816;99.8435651503;104.047598253;112407720.49;1820816061.69278;"2018-12-08T23:59:59.999Z"
"2018-12-07T00:00:00.000Z";"2018-12-07T23:59:59.999Z";"2018-12-07T04:21:05.000Z";"2018-12-07T17:39:10.000Z";"2781";107.489398386;116.57368448;97.6180458224;106.852494953;211041228.42;1869734341.12371;"2018-12-07T23:59:59.999Z"
"2018-12-06T00:00:00.000Z";"2018-12-06T23:59:59.999Z";"2018-12-06T00:45:09.000Z";"2018-12-06T23:56:09.000Z";"2781";130.518673208;131.789273852;107.436087216;107.59273784;123685567.73;1882490957.98067;"2018-12-06T23:59:59.999Z"
"2018-12-05T00:00:00.000Z";"2018-12-05T23:59:59.999Z";"2018-12-05T00:04:16.000Z";"2018-12-05T23:59:10.000Z";"2781";149.853593987;149.853593987;130.541052469;130.541052469;95942781.97;2283779814.15573;"2018-12-05T23:59:59.999Z"
"2018-12-04T00:00:00.000Z";"2018-12-04T23:59:59.999Z";"2018-12-04T02:04:11.000Z";"2018-12-04T21:05:12.000Z";"2781";159.641192572;160.333537795;149.049762416;149.658973213;73451485.93;2617978806.20351;"2018-12-04T23:59:59.999Z"
"2018-12-03T00:00:00.000Z";"2018-12-03T23:59:59.999Z";"2018-12-03T00:07:12.000Z";"2018-12-03T21:58:10.000Z";"2781";172.31531934;172.6138087;153.683180336;159.818255928;69403051.37;2795421069.00063;"2018-12-03T23:59:59.999Z"
"2018-12-02T00:00:00.000Z";"2018-12-02T23:59:59.999Z";"2018-12-02T07:52:08.000Z";"2018-12-02T13:47:10.000Z";"2781";171.936185745;180.255356811;171.647392545;172.11340802;71004464.49;3010194660.90659;"2018-12-02T23:59:59.999Z"
"2018-12-01T00:00:00.000Z";"2018-12-01T23:59:59.999Z";"2018-12-01T17:16:11.000Z";"2018-12-01T06:56:08.000Z";"2781";172.517676969;177.825271924;167.844236678;172.123306545;68660039.48;3010070869.44564;"2018-12-01T23:59:59.999Z"
"2018-11-30T00:00:00.000Z";"2018-11-30T23:59:59.999Z";"2018-11-30T01:43:10.000Z";"2018-11-30T12:50:12.000Z";"2781";181.093291819;187.503939642;168.084749896;173.066890871;97441740;3026267123.79553;"2018-11-30T23:59:59.999Z"
"2018-11-29T00:00:00.000Z";"2018-11-29T23:59:59.999Z";"2018-11-29T09:27:10.000Z";"2018-11-29T21:32:13.000Z";"2781";190.1019744873;191.1499481201;176.832861463;180.983424711;89166900.78;3164359443.5033;"2018-11-29T23:59:59.999Z"
"2018-11-28T00:00:00.000Z";"2018-11-28T23:59:59.999Z";"2018-11-28T20:46:09.000Z";"2018-11-28T02:03:09.000Z";"2781";179.136;198.55;176.356;190.072;127871000;3322936115.9;"2018-11-28T23:59:59.999Z"
"2018-11-27T00:00:00.000Z";"2018-11-27T23:59:59.999Z";"2018-11-27T02:46:09.000Z";"2018-11-27T10:21:10.000Z";"2781";182.002;192.994;171.218;179.063;136514000;3130144345.8125;"2018-11-27T23:59:59.999Z"
"2018-11-26T00:00:00.000Z";"2018-11-26T23:59:59.999Z";"2018-11-26T10:25:10.000Z";"2018-11-26T16:43:10.000Z";"2781";184.829;215.769;170.622;182.043;283429000;3181915943.775;"2018-11-26T23:59:59.999Z"
"2018-11-25T00:00:00.000Z";"2018-11-25T23:59:59.999Z";"2018-11-25T01:23:08.000Z";"2018-11-25T10:27:08.000Z";"2781";181.127;189.251;154.28;184.584;164581000;3226002255.6;"2018-11-25T23:59:59.999Z"
"2018-11-24T00:00:00.000Z";"2018-11-24T23:59:59.999Z";"2018-11-24T01:45:10.000Z";"2018-11-24T22:35:09.000Z";"2781";207.663;217.039;177.225;180.689;97740700;3157626102.275;"2018-11-24T23:59:59.999Z"
"2018-11-23T00:00:00.000Z";"2018-11-23T23:59:59.999Z";"2018-11-23T14:05:08.000Z";"2018-11-23T05:24:03.000Z";"2781";210.418;212.456;196.52;207.426;103947000;3624574888.125;"2018-11-23T23:59:59.999Z"
"2018-11-22T00:00:00.000Z";"2018-11-22T23:59:59.999Z";"2018-11-22T02:11:05.000Z";"2018-11-22T23:59:04.000Z";"2781";236.208;238.998;211.468;211.468;59981900;3694885203.4;"2018-11-22T23:59:59.999Z"
"2018-11-21T00:00:00.000Z";"2018-11-21T23:59:59.999Z";"2018-11-21T09:36:06.000Z";"2018-11-21T01:24:07.000Z";"2781";226.383;246.673;221.192;235.951;80873000;4122235034.475;"2018-11-21T23:59:59.999Z"
"2018-11-20T00:00:00.000Z";"2018-11-20T23:59:59.999Z";"2018-11-20T00:11:09.000Z";"2018-11-20T08:55:01.000Z";"2781";336.314;336.5;199.086;223.702;142641000;3907841849.175;"2018-11-20T23:59:59.999Z"
"2018-11-19T00:00:00.000Z";"2018-11-19T23:59:59.999Z";"2018-11-19T00:53:05.000Z";"2018-11-19T22:08:05.000Z";"2781";383.629;415.149;336.955;336.955;107950000;5885744614.75;"2018-11-19T23:59:59.999Z"
"2018-11-18T00:00:00.000Z";"2018-11-18T23:59:59.999Z";"2018-11-18T23:35:01.000Z";"2018-11-18T08:05:07.000Z";"2781";387.635;412.866;380.024;386.252;275157000;6746074649.7;"2018-11-18T23:59:59.999Z"
"2018-11-17T00:00:00.000Z";"2018-11-17T23:59:59.999Z";"2018-11-17T21:57:03.000Z";"2018-11-17T04:07:10.000Z";"2781";389.496;394.383;380.348;387.749;356307000;6771541905.025;"2018-11-17T23:59:59.999Z"
"2018-11-16T00:00:00.000Z";"2018-11-16T23:59:59.999Z";"2018-11-16T00:33:08.000Z";"2018-11-16T23:59:10.000Z";"2781";421.199;423.434;388.82;388.82;502805000;6789652604;"2018-11-16T23:59:59.999Z"
"2018-11-15T00:00:00.000Z";"2018-11-15T23:59:59.999Z";"2018-11-15T08:08:09.000Z";"2018-11-15T15:00:06.000Z";"2781";439.964;453.618;403.75;421.32;979243000;7356352530;"2018-11-15T23:59:59.999Z"
"2018-11-14T00:00:00.000Z";"2018-11-14T23:59:59.999Z";"2018-11-14T06:12:05.000Z";"2018-11-14T19:39:08.000Z";"2781";511.63;525.266;421.196;439.308;1167480000;7669576347.75;"2018-11-14T23:59:59.999Z"
"2018-11-13T00:00:00.000Z";"2018-11-13T23:59:59.999Z";"2018-11-13T11:37:06.000Z";"2018-11-13T03:41:11.000Z";"2781";514.584;542.677;504.797;512.41;972530000;8945077318.75;"2018-11-13T23:59:59.999Z"
"2018-11-12T00:00:00.000Z";"2018-11-12T23:59:59.999Z";"2018-11-12T14:07:10.000Z";"2018-11-12T08:12:04.000Z";"2781";533.568;536.896;502.729;516.307;951132000;9012099961.975;"2018-11-12T23:59:59.999Z"
"2018-11-11T00:00:00.000Z";"2018-11-11T23:59:59.999Z";"2018-11-11T00:08:01.000Z";"2018-11-11T18:40:08.000Z";"2781";555.776;555.776;517.656;533.341;693990000;9308507141.2;"2018-11-11T23:59:59.999Z"
"2018-11-10T00:00:00.000Z";"2018-11-10T23:59:59.999Z";"2018-11-10T18:48:07.000Z";"2018-11-10T10:22:12.000Z";"2781";542.882;562.905;535.789;556.499;656843000;9711658823.65;"2018-11-10T23:59:59.999Z"
"2018-11-09T00:00:00.000Z";"2018-11-09T23:59:59.999Z";"2018-11-09T08:15:09.000Z";"2018-11-09T22:25:04.000Z";"2781";574.006;594.795;532.756;544.419;860474000;9499852950.975;"2018-11-09T23:59:59.999Z"
"2018-11-08T00:00:00.000Z";"2018-11-08T23:59:59.999Z";"2018-11-08T00:10:10.000Z";"2018-11-08T23:53:06.000Z";"2781";616.527;619.16;573.896;574.434;824619000;10022537740.95;"2018-11-08T23:59:59.999Z"
"2018-11-07T00:00:00.000Z";"2018-11-07T23:59:59.999Z";"2018-11-07T13:12:10.000Z";"2018-11-07T21:21:06.000Z";"2781";630.176;638.552;610.336;617.255;935156000;10768569004.5;"2018-11-07T23:59:59.999Z"
"2018-11-06T00:00:00.000Z";"2018-11-06T23:59:59.999Z";"2018-11-06T23:59:07.000Z";"2018-11-06T00:34:06.000Z";"2781";558.546;628.507;551.286;628.507;958116000;10797299033.4;"2018-11-06T23:59:59.999Z"
"2018-11-05T00:00:00.000Z";"2018-11-05T23:59:59.999Z";"2018-11-05T14:29:20.000Z";"2018-11-05T02:02:19.000Z";"2781";557.716;578.227;538.861;558.466;907963000;9740952454.27;"2018-11-05T23:59:59.999Z"
"2018-11-04T00:00:00.000Z";"2018-11-04T23:59:59.999Z";"2018-11-04T18:20:14.000Z";"2018-11-04T00:00:12.000Z";"2781";478.535;586.041;478.509;560.183;1452890000;9769871611.5;"2018-11-04T23:59:59.999Z"
"2018-11-03T00:00:00.000Z";"2018-11-03T23:59:59.999Z";"2018-11-03T20:11:24.000Z";"2018-11-03T00:46:07.000Z";"2781";461.773;483.665;458.535;477.994;470238000;8335552143.33;"2018-11-03T23:59:59.999Z"
"2018-11-02T00:00:00.000Z";"2018-11-02T23:59:59.999Z";"2018-11-02T18:41:29.000Z";"2018-11-02T00:07:13.000Z";"2781";424.24;469.884;424.24;462.01;524499000;8055935542.12;"2018-11-02T23:59:59.999Z"
"2018-11-01T00:00:00.000Z";"2018-11-01T23:59:59.999Z";"2018-11-01T05:09:10.000Z";"2018-11-01T01:58:08.000Z";"2781";423.069;432.583;421.83;424.09;228640000;7393934934.25;"2018-11-01T23:59:59.999Z"
"2018-10-31T00:00:00.000Z";"2018-10-31T23:59:59.999Z";"2018-10-31T22:41:07.000Z";"2018-10-31T15:02:04.000Z";"2781";422.226;424.616;411.52;422.859;286666000;7371737947.16;"2018-10-31T23:59:59.999Z"
"2018-10-30T00:00:00.000Z";"2018-10-30T23:59:59.999Z";"2018-10-30T22:50:04.000Z";"2018-10-30T18:29:04.000Z";"2781";417.69;422.972;415.21;421.934;243462000;7354852860.03;"2018-10-30T23:59:59.999Z"
"2018-10-29T00:00:00.000Z";"2018-10-29T23:59:59.999Z";"2018-10-29T00:01:01.000Z";"2018-10-29T21:46:01.000Z";"2781";440.207;440.904;414.612;417.571;294419000;7278038085.59;"2018-10-29T23:59:59.999Z"
"2018-10-28T00:00:00.000Z";"2018-10-28T23:59:59.999Z";"2018-10-28T23:34:08.000Z";"2018-10-28T21:34:03.000Z";"2781";438.892;442.233;436.087;441.084;226911000;7687035518.4;"2018-10-28T23:59:59.999Z"
"2018-10-27T00:00:00.000Z";"2018-10-27T23:59:59.999Z";"2018-10-27T00:38:08.000Z";"2018-10-27T18:25:08.000Z";"2781";438.602;439.823;435.834;437.527;235687000;7624285342.04;"2018-10-27T23:59:59.999Z"
"2018-10-26T00:00:00.000Z";"2018-10-26T23:59:59.999Z";"2018-10-26T09:13:07.000Z";"2018-10-26T08:44:05.000Z";"2781";439.124;441.534;436.15;438.74;259970000;7644644149.75;"2018-10-26T23:59:59.999Z"
"2018-10-25T00:00:00.000Z";"2018-10-25T23:59:59.999Z";"2018-10-25T15:38:09.000Z";"2018-10-25T02:03:05.000Z";"2781";442.175;443.579;439.148;440.229;226378000;7669884249.64;"2018-10-25T23:59:59.999Z"
"2018-10-24T00:00:00.000Z";"2018-10-24T23:59:59.999Z";"2018-10-24T06:05:09.000Z";"2018-10-24T23:30:12.000Z";"2781";441.267;448.181;440.649;442.446;249002000;7707652665.3;"2018-10-24T23:59:59.999Z"
"2018-10-23T00:00:00.000Z";"2018-10-23T23:59:59.999Z";"2018-10-23T23:54:09.000Z";"2018-10-23T23:58:12.000Z";"2781";447.171;449.788;438.25;442.655;262509000;7710485714.88;"2018-10-23T23:59:59.999Z"
"2018-10-22T00:00:00.000Z";"2018-10-22T23:59:59.999Z";"2018-10-22T12:49:08.000Z";"2018-10-22T09:14:11.000Z";"2781";447.187;452.528;443.598;447.211;261566000;7789079577.14;"2018-10-22T23:59:59.999Z"
"2018-10-21T00:00:00.000Z";"2018-10-21T23:59:59.999Z";"2018-10-21T16:54:08.000Z";"2018-10-21T00:24:06.000Z";"2781";447.542;455.957;445.77;447.851;295702000;7799358753.82;"2018-10-21T23:59:59.999Z"
"2018-10-20T00:00:00.000Z";"2018-10-20T23:59:59.999Z";"2018-10-20T22:44:13.000Z";"2018-10-20T01:29:05.000Z";"2781";440.869;448.477;438.45;447.445;266812000;7791561135.25;"2018-10-20T23:59:59.999Z"
"2018-10-19T00:00:00.000Z";"2018-10-19T23:59:59.999Z";"2018-10-19T16:29:08.000Z";"2018-10-19T12:39:06.000Z";"2781";438.313;443.426;433.384;440.846;303766000;7675834213.6;"2018-10-19T23:59:59.999Z"
"2018-10-18T00:00:00.000Z";"2018-10-18T23:59:59.999Z";"2018-10-18T03:29:07.000Z";"2018-10-18T22:34:08.000Z";"2781";449.22;454.711;432.925;438.425;327540000;7632886084.69;"2018-10-18T23:59:59.999Z"
"2018-10-17T00:00:00.000Z";"2018-10-17T23:59:59.999Z";"2018-10-17T01:29:10.000Z";"2018-10-17T21:19:08.000Z";"2781";458.846;459.868;446.29;448.793;292950000;7812582934.09;"2018-10-17T23:59:59.999Z"
"2018-10-16T00:00:00.000Z";"2018-10-16T23:59:59.999Z";"2018-10-16T05:54:09.000Z";"2018-10-16T16:59:07.000Z";"2781";459.323;467.17;454.599;458.012;302192000;7972225573.8;"2018-10-16T23:59:59.999Z"
"2018-10-15T00:00:00.000Z";"2018-10-15T23:59:59.999Z";"2018-10-15T06:59:08.000Z";"2018-10-15T00:19:05.000Z";"2781";438.65;487.211;433.819;459.381;571575000;7995239191.87;"2018-10-15T23:59:59.999Z"
"2018-10-14T00:00:00.000Z";"2018-10-14T23:59:59.999Z";"2018-10-14T05:14:05.000Z";"2018-10-14T23:54:09.000Z";"2781";448.188;451.924;438.602;439.234;242400000;7643835570.1;"2018-10-14T23:59:59.999Z"
"2018-10-13T00:00:00.000Z";"2018-10-13T23:59:59.999Z";"2018-10-13T23:04:04.000Z";"2018-10-13T08:19:11.000Z";"2781";443.181;450.224;442.662;448.41;245372000;7802698333.12;"2018-10-13T23:59:59.999Z"
"2018-10-12T00:00:00.000Z";"2018-10-12T23:59:59.999Z";"2018-10-12T07:19:10.000Z";"2018-10-12T00:14:07.000Z";"2781";430.352;451.926;429.387;443.229;289722000;7711708128.82;"2018-10-12T23:59:59.999Z"
"2018-10-11T00:00:00.000Z";"2018-10-11T23:59:59.999Z";"2018-10-11T00:04:09.000Z";"2018-10-11T23:49:08.000Z";"2781";511.77;511.77;431.851;433.037;487652000;7533647535.29;"2018-10-11T23:59:59.999Z"
"2018-10-10T00:00:00.000Z";"2018-10-10T23:59:59.999Z";"2018-10-10T00:34:06.000Z";"2018-10-10T16:04:08.000Z";"2781";516.656;517.222;507.827;512.924;369806000;8922601499.75;"2018-10-10T23:59:59.999Z"
"2018-10-09T00:00:00.000Z";"2018-10-09T23:59:59.999Z";"2018-10-09T00:44:09.000Z";"2018-10-09T16:19:07.000Z";"2781";526.905;528.553;513.123;517.79;372000000;9006258033.5;"2018-10-09T23:59:59.999Z"
"2018-10-08T00:00:00.000Z";"2018-10-08T23:59:59.999Z";"2018-10-08T21:04:13.000Z";"2018-10-08T07:59:31.000Z";"2781";518.71;530.916;517.327;528.975;397869000;9199873690.31;"2018-10-08T23:59:59.999Z"
"2018-10-07T00:00:00.000Z";"2018-10-07T23:59:59.999Z";"2018-10-07T23:39:09.000Z";"2018-10-07T12:44:11.000Z";"2781";509.626;519.389;506.652;517.468;382426000;8998846140.2;"2018-10-07T23:59:59.999Z"
"2018-10-06T00:00:00.000Z";"2018-10-06T23:59:59.999Z";"2018-10-06T00:29:06.000Z";"2018-10-06T20:14:08.000Z";"2781";519.918;521.677;502.54;508.624;391070000;8844170277.2;"2018-10-06T23:59:59.999Z"
"2018-10-05T00:00:00.000Z";"2018-10-05T23:59:59.999Z";"2018-10-05T22:39:06.000Z";"2018-10-05T21:09:05.000Z";"2781";513.898;522.514;510.628;520.633;384914000;9052044225.71;"2018-10-05T23:59:59.999Z"
"2018-10-04T00:00:00.000Z";"2018-10-04T23:59:59.999Z";"2018-10-04T04:39:10.000Z";"2018-10-04T21:24:08.000Z";"2781";516.787;529.938;510.592;513.03;466791000;8918891879.62;"2018-10-04T23:59:59.999Z"
"2018-10-03T00:00:00.000Z";"2018-10-03T23:59:59.999Z";"2018-10-03T00:04:09.000Z";"2018-10-03T08:29:04.000Z";"2781";531.636;531.636;508.734;514.525;512420000;8943917327.81;"2018-10-03T23:59:59.999Z"
"2018-10-02T00:00:00.000Z";"2018-10-02T23:59:59.999Z";"2018-10-02T04:34:18.000Z";"2018-10-02T17:39:04.000Z";"2781";531.153;547.491;527.922;533.265;536291000;9268718959.88;"2018-10-02T23:59:59.999Z"
"2018-10-01T00:00:00.000Z";"2018-10-01T23:59:59.999Z";"2018-10-01T04:44:05.000Z";"2018-10-01T14:09:05.000Z";"2781";531.638;539.945;522.318;530.914;450906000;9226907043.77;"2018-10-01T23:59:59.999Z"
"2018-09-30T00:00:00.000Z";"2018-09-30T23:59:59.999Z";"2018-09-30T10:34:07.000Z";"2018-09-30T21:04:06.000Z";"2781";536.564;545.546;520.607;529.925;477471000;9208784935.62;"2018-09-30T23:59:59.999Z"
"2018-09-29T00:00:00.000Z";"2018-09-29T23:59:59.999Z";"2018-09-29T11:39:09.000Z";"2018-09-29T01:44:01.000Z";"2781";538.994;553.481;514.263;536.912;581112000;9329262106.8;"2018-09-29T23:59:59.999Z"
"2018-09-28T00:00:00.000Z";"2018-09-28T23:59:59.999Z";"2018-09-28T02:09:10.000Z";"2018-09-28T19:34:14.000Z";"2781";568.432;572.579;533.438;539.863;673844000;9379539272.28;"2018-09-28T23:59:59.999Z"
"2018-09-27T00:00:00.000Z";"2018-09-27T23:59:59.999Z";"2018-09-27T13:04:09.000Z";"2018-09-27T00:04:03.000Z";"2781";514.767;585.361;514.767;564.41;1083230000;9805022236.62;"2018-09-27T23:59:59.999Z"
"2018-09-26T00:00:00.000Z";"2018-09-26T23:59:59.999Z";"2018-09-26T21:14:09.000Z";"2018-09-26T03:04:08.000Z";"2781";444.802;542.527;434.35;515.934;856458000;8961941258.55;"2018-09-26T23:59:59.999Z"
"2018-09-25T00:00:00.000Z";"2018-09-25T23:59:59.999Z";"2018-09-25T00:09:05.000Z";"2018-09-25T19:34:10.000Z";"2781";462.11;462.354;428.906;445.226;414548000;7732846562.43;"2018-09-25T23:59:59.999Z"
"2018-09-24T00:00:00.000Z";"2018-09-24T23:59:59.999Z";"2018-09-24T02:24:07.000Z";"2018-09-24T23:24:10.000Z";"2781";487.915;490.765;459.588;463.09;385322000;8042327737.12;"2018-09-24T23:59:59.999Z"
"2018-09-23T00:00:00.000Z";"2018-09-23T23:59:59.999Z";"2018-09-23T09:49:17.000Z";"2018-09-23T01:54:11.000Z";"2781";487.71;504.141;478.068;488.647;384226000;8485324614.56;"2018-09-23T23:59:59.999Z"
"2018-09-22T00:00:00.000Z";"2018-09-22T23:59:59.999Z";"2018-09-22T00:09:04.000Z";"2018-09-22T09:09:07.000Z";"2781";500.35;505.289;468.329;487.83;412279000;8470234975.12;"2018-09-22T23:59:59.999Z"
"2018-09-21T00:00:00.000Z";"2018-09-21T23:59:59.999Z";"2018-09-21T20:24:11.000Z";"2018-09-21T01:19:04.000Z";"2781";457.516;506.443;449.383;499.039;597228000;8663959552.71;"2018-09-21T23:59:59.999Z"
"2018-09-20T00:00:00.000Z";"2018-09-20T23:59:59.999Z";"2018-09-20T23:04:09.000Z";"2018-09-20T08:44:08.000Z";"2781";429.805;462.065;424.663;455.743;369099000;7911447821.35;"2018-09-20T23:59:59.999Z"
"2018-09-19T00:00:00.000Z";"2018-09-19T23:59:59.999Z";"2018-09-19T03:04:07.000Z";"2018-09-19T19:14:04.000Z";"2781";433.192;438.708;414.277;429.227;337321000;7450355940.54;"2018-09-19T23:59:59.999Z"
"2018-09-18T00:00:00.000Z";"2018-09-18T23:59:59.999Z";"2018-09-18T16:44:09.000Z";"2018-09-18T09:19:09.000Z";"2781";418.555;443.757;414.538;435.679;332161000;7561557588.2;"2018-09-18T23:59:59.999Z"
"2018-09-17T00:00:00.000Z";"2018-09-17T23:59:59.999Z";"2018-09-17T00:54:08.000Z";"2018-09-17T22:19:08.000Z";"2781";450.378;460.493;413.039;420.452;365115000;7296518752.35;"2018-09-17T23:59:59.999Z"
"2018-09-16T00:00:00.000Z";"2018-09-16T23:59:59.999Z";"2018-09-16T22:49:08.000Z";"2018-09-16T04:09:06.000Z";"2781";448.509;450.2;431.442;449.16;277244000;7793981526;"2018-09-16T23:59:59.999Z"
"2018-09-15T00:00:00.000Z";"2018-09-15T23:59:59.999Z";"2018-09-15T17:24:05.000Z";"2018-09-15T22:14:05.000Z";"2781";447.579;458.806;446.407;450.684;276833000;7819564574.25;"2018-09-15T23:59:59.999Z"
"2018-09-14T00:00:00.000Z";"2018-09-14T23:59:59.999Z";"2018-09-14T05:24:07.000Z";"2018-09-14T14:54:08.000Z";"2781";467.128;472.748;443.872;449.503;314701000;7798253364.59;"2018-09-14T23:59:59.999Z"
"2018-09-13T00:00:00.000Z";"2018-09-13T23:59:59.999Z";"2018-09-13T23:14:04.000Z";"2018-09-13T00:04:04.000Z";"2781";433.538;472.581;433.538;464.437;393614000;8056553806.23;"2018-09-13T23:59:59.999Z"
"2018-09-12T00:00:00.000Z";"2018-09-12T23:59:59.999Z";"2018-09-12T00:24:05.000Z";"2018-09-12T11:34:06.000Z";"2781";440.508;440.927;414.465;432.848;319094000;7507802666;"2018-09-12T23:59:59.999Z"
"2018-09-11T00:00:00.000Z";"2018-09-11T23:59:59.999Z";"2018-09-11T03:39:07.000Z";"2018-09-11T18:44:04.000Z";"2781";468.349;476.13;433.161;440.835;355090000;7645555697.25;"2018-09-11T23:59:59.999Z"
"2018-09-10T00:00:00.000Z";"2018-09-10T23:59:59.999Z";"2018-09-10T02:09:14.000Z";"2018-09-10T22:39:11.000Z";"2781";484.219;486.982;463.809;465.587;300172000;8074017699.36;"2018-09-10T23:59:59.999Z"
"2018-09-09T00:00:00.000Z";"2018-09-09T23:59:59.999Z";"2018-09-09T13:49:10.000Z";"2018-09-09T03:44:08.000Z";"2781";474.629;493.952;466.302;481.185;286768000;8343621588.94;"2018-09-09T23:59:59.999Z"
"2018-09-08T00:00:00.000Z";"2018-09-08T23:59:59.999Z";"2018-09-08T10:39:05.000Z";"2018-09-08T21:24:03.000Z";"2781";501.822;508.964;468.797;475.285;311599000;8240449742.56;"2018-09-08T23:59:59.999Z"
"2018-09-07T00:00:00.000Z";"2018-09-07T23:59:59.999Z";"2018-09-07T02:14:07.000Z";"2018-09-07T18:39:08.000Z";"2781";518.767;525.999;496.142;501.569;368854000;8695300497.8;"2018-09-07T23:59:59.999Z"
"2018-09-06T00:00:00.000Z";"2018-09-06T23:59:59.999Z";"2018-09-06T00:09:06.000Z";"2018-09-06T09:54:10.000Z";"2781";529.952;530.249;495.065;519.162;441732000;8999244961.35;"2018-09-06T23:59:59.999Z"
"2018-09-05T00:00:00.000Z";"2018-09-05T23:59:59.999Z";"2018-09-05T01:34:10.000Z";"2018-09-05T17:14:08.000Z";"2781";626.198;631.765;530.23;530.513;520184000;9195328777.7;"2018-09-05T23:59:59.999Z"
"2018-09-04T00:00:00.000Z";"2018-09-04T23:59:59.999Z";"2018-09-04T12:39:09.000Z";"2018-09-04T23:14:06.000Z";"2781";627.324;643.436;622.724;625.067;386332000;10832926790.3;"2018-09-04T23:59:59.999Z"
"2018-09-03T00:00:00.000Z";"2018-09-03T23:59:59.999Z";"2018-09-03T00:14:08.000Z";"2018-09-03T12:04:13.000Z";"2781";648.328;650.689;622.233;626.363;397157000;10854338381.5;"2018-09-03T23:59:59.999Z"
"2018-09-02T00:00:00.000Z";"2018-09-02T23:59:59.999Z";"2018-09-02T04:34:10.000Z";"2018-09-02T01:54:06.000Z";"2781";616.026;653.689;601.94;645.88;570200000;11191429185.5;"2018-09-02T23:59:59.999Z"
"2018-09-01T00:00:00.000Z";"2018-09-01T23:59:59.999Z";"2018-09-01T16:44:06.000Z";"2018-09-01T00:24:05.000Z";"2781";543.962;628.082;542.258;615.312;490619000;10660641895.8;"2018-09-01T23:59:59.999Z"
"2018-08-31T00:00:00.000Z";"2018-08-31T23:59:59.999Z";"2018-08-31T23:44:06.000Z";"2018-08-31T15:54:09.000Z";"2781";538.622;546.758;535.599;543.078;307222000;9408059252.32;"2018-08-31T23:59:59.999Z"
"2018-08-30T00:00:00.000Z";"2018-08-30T23:59:59.999Z";"2018-08-30T00:59:09.000Z";"2018-08-30T18:49:06.000Z";"2781";554.071;556.522;527.918;540.025;337841000;9354178043.75;"2018-08-30T23:59:59.999Z"
"2018-08-29T00:00:00.000Z";"2018-08-29T23:59:59.999Z";"2018-08-29T13:44:03.000Z";"2018-08-29T16:14:06.000Z";"2781";564.406;567.251;548.468;554.367;299414000;9601608721.65;"2018-08-29T23:59:59.999Z"
"2018-08-28T00:00:00.000Z";"2018-08-28T23:59:59.999Z";"2018-08-28T20:24:05.000Z";"2018-08-28T02:54:04.000Z";"2781";545.076;570.982;541.235;565.306;429636000;9790089435.53;"2018-08-28T23:59:59.999Z"
"2018-08-27T00:00:00.000Z";"2018-08-27T23:59:59.999Z";"2018-08-27T23:59:07.000Z";"2018-08-27T03:14:05.000Z";"2781";523.017;546.357;520.092;546.357;305426000;9460943184.26;"2018-08-27T23:59:59.999Z"
"2018-08-26T00:00:00.000Z";"2018-08-26T23:59:59.999Z";"2018-08-26T00:04:08.000Z";"2018-08-26T06:09:05.000Z";"2781";536.489;536.489;516.581;522.884;257257000;9053488090.1;"2018-08-26T23:59:59.999Z"
"2018-08-25T00:00:00.000Z";"2018-08-25T23:59:59.999Z";"2018-08-25T02:34:05.000Z";"2018-08-25T13:29:07.000Z";"2781";534.989;542.028;529.734;537.239;272027000;9301131505.66;"2018-08-25T23:59:59.999Z"
"2018-08-24T00:00:00.000Z";"2018-08-24T23:59:59.999Z";"2018-08-24T11:34:11.000Z";"2018-08-24T15:44:05.000Z";"2781";531.554;537.544;522.848;535.405;304350000;9268456188.06;"2018-08-24T23:59:59.999Z"
"2018-08-23T00:00:00.000Z";"2018-08-23T23:59:59.999Z";"2018-08-23T22:14:12.000Z";"2018-08-23T12:09:08.000Z";"2781";519.121;531.998;515.902;530.769;282362000;9187213313.25;"2018-08-23T23:59:59.999Z"
"2018-08-22T00:00:00.000Z";"2018-08-22T23:59:59.999Z";"2018-08-22T02:04:08.000Z";"2018-08-22T22:19:06.000Z";"2781";535.152;570.61;512.113;519.952;319315000;8999075739.4;"2018-08-22T23:59:59.999Z"
"2018-08-21T00:00:00.000Z";"2018-08-21T23:59:59.999Z";"2018-08-21T09:09:09.000Z";"2018-08-21T00:04:08.000Z";"2781";514.064;540.017;514.064;536.567;304026000;9285694360.25;"2018-08-21T23:59:59.999Z"
"2018-08-20T00:00:00.000Z";"2018-08-20T23:59:59.999Z";"2018-08-20T02:24:26.000Z";"2018-08-20T23:09:09.000Z";"2781";570.113;575.634;513.12;515.66;374592000;8922877508;"2018-08-20T23:59:59.999Z"
"2018-08-19T00:00:00.000Z";"2018-08-19T23:59:59.999Z";"2018-08-19T14:09:28.000Z";"2018-08-19T03:39:26.000Z";"2781";554.931;579.604;544.966;569.926;383846000;9860902396.45;"2018-08-19T23:59:59.999Z"
"2018-08-18T00:00:00.000Z";"2018-08-18T23:59:59.999Z";"2018-08-18T00:54:22.000Z";"2018-08-18T17:24:26.000Z";"2781";597.67;606.923;541.052;554.921;413731000;9600348331.89;"2018-08-18T23:59:59.999Z"
"2018-08-17T00:00:00.000Z";"2018-08-17T23:59:59.999Z";"2018-08-17T23:59:32.000Z";"2018-08-17T00:14:21.000Z";"2781";516.561;597.012;516.22;597.012;463256000;10327471783.2;"2018-08-17T23:59:59.999Z"
"2018-08-16T00:00:00.000Z";"2018-08-16T23:59:59.999Z";"2018-08-16T10:59:22.000Z";"2018-08-16T01:54:25.000Z";"2781";512.866;538.266;506.839;517.345;402136000;8948374195.12;"2018-08-16T23:59:59.999Z"
"2018-08-15T00:00:00.000Z";"2018-08-15T23:59:59.999Z";"2018-08-15T17:04:21.000Z";"2018-08-15T10:54:19.000Z";"2781";513.246;540.492;508.144;513.673;378019000;8883897484.05;"2018-08-15T23:59:59.999Z"
"2018-08-14T00:00:00.000Z";"2018-08-14T23:59:59.999Z";"2018-08-14T00:04:18.000Z";"2018-08-14T15:24:23.000Z";"2781";534.982;534.982;481.433;509.305;420396000;8807468661.81;"2018-08-14T23:59:59.999Z"
"2018-08-13T00:00:00.000Z";"2018-08-13T23:59:59.999Z";"2018-08-13T08:39:13.000Z";"2018-08-13T22:24:17.000Z";"2781";571.023;591.864;529.044;535.977;379411000;9267806097.23;"2018-08-13T23:59:59.999Z"
"2018-08-12T00:00:00.000Z";"2018-08-12T23:59:59.999Z";"2018-08-12T19:44:12.000Z";"2018-08-12T00:24:12.000Z";"2781";564.444;580.798;561.094;570.959;324257000;9871588493.51;"2018-08-12T23:59:59.999Z"
"2018-08-11T00:00:00.000Z";"2018-08-11T23:59:59.999Z";"2018-08-11T22:54:14.000Z";"2018-08-11T12:49:11.000Z";"2781";571.893;582.591;548.476;566.773;341530000;9798237015.41;"2018-08-11T23:59:59.999Z"
"2018-08-10T00:00:00.000Z";"2018-08-10T23:59:59.999Z";"2018-08-10T00:19:08.000Z";"2018-08-10T23:14:12.000Z";"2781";610.353;612.657;564.952;572.438;345223000;9895148957.05;"2018-08-10T23:59:59.999Z"
"2018-08-09T00:00:00.000Z";"2018-08-09T23:59:59.999Z";"2018-08-09T21:59:07.000Z";"2018-08-09T13:39:09.000Z";"2781";590.523;619.544;581.333;610.781;355208000;10556792247.3;"2018-08-09T23:59:59.999Z"
"2018-08-08T00:00:00.000Z";"2018-08-08T23:59:59.999Z";"2018-08-08T00:04:07.000Z";"2018-08-08T17:34:15.000Z";"2781";660.054;660.054;575.644;585.446;450595000;10117889996.2;"2018-08-08T23:59:59.999Z"
"2018-08-07T00:00:00.000Z";"2018-08-07T23:59:59.999Z";"2018-08-07T13:24:04.000Z";"2018-08-07T21:39:12.000Z";"2781";692.629;712.336;653.784;659.384;378007000;11394551150.4;"2018-08-07T23:59:59.999Z"
"2018-08-06T00:00:00.000Z";"2018-08-06T23:59:59.999Z";"2018-08-06T02:49:08.000Z";"2018-08-06T22:34:14.000Z";"2781";711.012;718.651;684.44;692.63;316406000;11967927796.4;"2018-08-06T23:59:59.999Z"
"2018-08-05T00:00:00.000Z";"2018-08-05T23:59:59.999Z";"2018-08-05T21:29:06.000Z";"2018-08-05T08:09:04.000Z";"2781";696.065;715.516;687.862;709.219;313362000;12253194393.5;"2018-08-05T23:59:59.999Z"
"2018-08-04T00:00:00.000Z";"2018-08-04T23:59:59.999Z";"2018-08-04T03:09:09.000Z";"2018-08-04T17:39:07.000Z";"2781";723.272;735.037;691.578;695.735;327670000;12018987362.1;"2018-08-04T23:59:59.999Z"
"2018-08-03T00:00:00.000Z";"2018-08-03T23:59:59.999Z";"2018-08-03T00:04:06.000Z";"2018-08-03T04:19:05.000Z";"2781";732.799;732.799;704.586;724.708;361851000;12518098696.4;"2018-08-03T23:59:59.999Z"
"2018-08-02T00:00:00.000Z";"2018-08-02T23:59:59.999Z";"2018-08-02T00:29:09.000Z";"2018-08-02T18:29:02.000Z";"2781";767.675;773.731;726.924;734.759;387197000;12690380884;"2018-08-02T23:59:59.999Z"
"2018-08-01T00:00:00.000Z";"2018-08-01T23:59:59.999Z";"2018-08-01T00:04:05.000Z";"2018-08-01T02:29:06.000Z";"2781";779.95;779.95;740.323;769.349;499193000;13286522593.9;"2018-08-01T23:59:59.999Z"
"2018-07-31T00:00:00.000Z";"2018-07-31T23:59:59.999Z";"2018-07-31T00:04:07.000Z";"2018-07-31T23:34:18.000Z";"2781";816.73;816.73;766.337;777.146;420759000;13419815413.9;"2018-07-31T23:59:59.999Z"
"2018-07-30T00:00:00.000Z";"2018-07-30T23:59:59.999Z";"2018-07-30T01:44:16.000Z";"2018-07-30T18:09:08.000Z";"2781";828.547;829.865;790.122;816.078;568282000;14090698576.3;"2018-07-30T23:59:59.999Z"
"2018-07-29T00:00:00.000Z";"2018-07-29T23:59:59.999Z";"2018-07-29T00:19:25.000Z";"2018-07-29T11:44:21.000Z";"2781";821.0139770508;835.6170043945;813.7949829102;828.9790039063;565436032;14311866496.6;"2018-07-29T23:59:59.999Z"
"2018-07-28T00:00:00.000Z";"2018-07-28T23:59:59.999Z";"2018-07-28T07:49:19.000Z";"2018-07-28T15:24:22.000Z";"2781";821.4920043945;826.4340209961;803.7319946289;818.8300170898;525351008;14135134758;"2018-07-28T23:59:59.999Z"
"2018-07-27T00:00:00.000Z";"2018-07-27T23:59:59.999Z";"2018-07-27T21:54:19.000Z";"2018-07-27T13:09:16.000Z";"2781";804.3499755859;829.4240112305;785.5889892578;819.3870239258;589747968;14143182948.6;"2018-07-27T23:59:59.999Z"
"2018-07-26T00:00:00.000Z";"2018-07-26T23:59:59.999Z";"2018-07-26T07:09:18.000Z";"2018-07-26T23:19:15.000Z";"2781";830.7390136719;855.9699707031;795.742980957;806.1779785156;597276992;13913836179.2;"2018-07-26T23:59:59.999Z"
"2018-07-25T00:00:00.000Z";"2018-07-25T23:59:59.999Z";"2018-07-25T01:49:09.000Z";"2018-07-25T15:39:11.000Z";"2781";863.1979980469;870.6550292969;822.507019043;831.4550170898;692334016;14348574832.8;"2018-07-25T23:59:59.999Z"
"2018-07-24T00:00:00.000Z";"2018-07-24T23:59:59.999Z";"2018-07-24T11:34:13.000Z";"2018-07-24T02:49:10.000Z";"2781";785.5969848633;871.4699707031;778.6510009766;869.4669799805;905811968;15002990003.5;"2018-07-24T23:59:59.999Z"
"2018-07-23T00:00:00.000Z";"2018-07-23T23:59:59.999Z";"2018-07-23T04:49:09.000Z";"2018-07-23T23:54:06.000Z";"2781";789.6890258789;828.3939819336;783.5239868164;784.3859863281;608630016;13533403851;"2018-07-23T23:59:59.999Z"
"2018-07-22T00:00:00.000Z";"2018-07-22T23:59:59.999Z";"2018-07-22T15:34:05.000Z";"2018-07-22T00:19:08.000Z";"2781";788.4710083008;820.0999755859;781.299987793;788.666015625;529767008;13605908098.8;"2018-07-22T23:59:59.999Z"
"2018-07-21T00:00:00.000Z";"2018-07-21T23:59:59.999Z";"2018-07-21T20:34:06.000Z";"2018-07-21T01:09:06.000Z";"2781";767.8770141602;797.0599975586;750.7169799805;789.4860229492;513512992;13618682842.9;"2018-07-21T23:59:59.999Z"
"2018-07-20T00:00:00.000Z";"2018-07-20T23:59:59.999Z";"2018-07-20T00:04:07.000Z";"2018-07-20T22:24:01.000Z";"2781";823.3950195313;823.3950195313;765.1790161133;767.6550292969;612099008;13240791714.9;"2018-07-20T23:59:59.999Z"
"2018-07-19T00:00:00.000Z";"2018-07-19T23:59:59.999Z";"2018-07-19T13:34:06.000Z";"2018-07-19T17:04:07.000Z";"2781";828.4270019531;840.4329833984;808.7280273438;824.8930053711;684182976;14226486191;"2018-07-19T23:59:59.999Z"
"2018-07-18T00:00:00.000Z";"2018-07-18T23:59:59.999Z";"2018-07-18T03:14:03.000Z";"2018-07-18T20:44:01.000Z";"2781";849.7689819336;880.9849853516;814.5889892578;829.9370117188;720550976;14312056080.8;"2018-07-18T23:59:59.999Z"
"2018-07-17T00:00:00.000Z";"2018-07-17T23:59:59.999Z";"2018-07-17T18:24:14.000Z";"2018-07-17T06:59:05.000Z";"2781";803.116027832;863.2949829102;784.9210205078;850.7789916992;752280000;14669907853.8;"2018-07-17T23:59:59.999Z"
"2018-07-16T00:00:00.000Z";"2018-07-16T23:59:59.999Z";"2018-07-16T23:54:09.000Z";"2018-07-16T02:19:03.000Z";"2781";724.4780273438;806.9290161133;718.9450073242;805.6770019531;534068000;13890898718.2;"2018-07-16T23:59:59.999Z"
"2018-07-15T00:00:00.000Z";"2018-07-15T23:59:59.999Z";"2018-07-15T22:04:05.000Z";"2018-07-15T02:19:05.000Z";"2781";702.9949951172;731.5679931641;698.7559814453;722.9739990234;322284000;12463683161.5;"2018-07-15T23:59:59.999Z"
"2018-07-14T00:00:00.000Z";"2018-07-14T23:59:59.999Z";"2018-07-14T20:29:04.000Z";"2018-07-14T09:44:03.000Z";"2781";696.416015625;707.0510253906;690.6859741211;704.0570068359;272856000;12136402555.3;"2018-07-14T23:59:59.999Z"
"2018-07-13T00:00:00.000Z";"2018-07-13T23:59:59.999Z";"2018-07-13T18:29:11.000Z";"2018-07-13T00:04:08.000Z";"2781";686.6480102539;708.7479858398;686.6480102539;696.5880126953;352371008;12006355938.6;"2018-07-13T23:59:59.999Z"
"2018-07-12T00:00:00.000Z";"2018-07-12T23:59:59.999Z";"2018-07-12T00:04:04.000Z";"2018-07-12T23:39:04.000Z";"2781";706.9760131836;706.9760131836;669.5209960938;682.7550048828;336003008;11766667945.5;"2018-07-12T23:59:59.999Z"
"2018-07-11T00:00:00.000Z";"2018-07-11T23:59:59.999Z";"2018-07-11T12:09:02.000Z";"2018-07-11T00:04:06.000Z";"2781";688.8690185547;713.758972168;688.8690185547;707.4799804688;321031008;12191463386.5;"2018-07-11T23:59:59.999Z"
"2018-07-10T00:00:00.000Z";"2018-07-10T23:59:59.999Z";"2018-07-10T00:24:11.000Z";"2018-07-10T23:59:14.000Z";"2781";732.8560180664;739.2020263672;688.6290283203;688.6290283203;374505984;11865396160.9;"2018-07-10T23:59:59.999Z"
"2018-07-09T00:00:00.000Z";"2018-07-09T23:59:59.999Z";"2018-07-09T22:19:05.000Z";"2018-07-09T23:34:08.000Z";"2781";751.5689697266;757.3709716797;731.3489990234;733.383972168;338876000;12635262088.1;"2018-07-09T23:59:59.999Z"
"2018-07-08T00:00:00.000Z";"2018-07-08T23:59:59.999Z";"2018-07-08T00:24:01.000Z";"2018-07-08T23:34:09.000Z";"2781";775.7760009766;784.4370117188;745.8209838867;751.3519897461;328903008;12943531512.1;"2018-07-08T23:59:59.999Z"
"2018-07-07T00:00:00.000Z";"2018-07-07T23:59:59.999Z";"2018-07-07T23:54:01.000Z";"2018-07-07T13:24:01.000Z";"2781";736.758972168;775.8229980469;715.2940063477;775.2969970703;772953024;13354548972.3;"2018-07-07T23:59:59.999Z"
"2018-07-06T00:00:00.000Z";"2018-07-06T23:59:59.999Z";"2018-07-06T00:29:01.000Z";"2018-07-06T07:39:00.000Z";"2781";748.4799804688;748.6729736328;705.1069946289;737.3309936523;375967008;12699236145.8;"2018-07-06T23:59:59.999Z"
"2018-07-05T00:00:00.000Z";"2018-07-05T23:59:59.999Z";"2018-07-05T02:04:01.000Z";"2018-07-05T18:39:01.000Z";"2781";763.2949829102;779.1350097656;725.1209716797;748.2249755859;469756992;12885612954.4;"2018-07-05T23:59:59.999Z"
"2018-07-04T00:00:00.000Z";"2018-07-04T23:59:59.999Z";"2018-07-04T13:34:01.000Z";"2018-07-04T01:19:01.000Z";"2781";757.9260253906;808.2290039063;742.9340209961;762.3950195313;420710016;13128203651.6;"2018-07-04T23:59:59.999Z"
"2018-07-03T00:00:00.000Z";"2018-07-03T23:59:59.999Z";"2018-07-03T04:44:01.000Z";"2018-07-03T23:09:01.000Z";"2781";775.0670166016;819.3720092773;754.8150024414;757.9470214844;478640000;13050265125.6;"2018-07-03T23:59:59.999Z"
"2018-07-02T00:00:00.000Z";"2018-07-02T23:59:59.999Z";"2018-07-02T15:19:00.000Z";"2018-07-02T06:14:01.000Z";"2781";739.2459716797;798.3060302734;724.3200073242;776.174987793;413921984;13362677310.9;"2018-07-02T23:59:59.999Z"
"2018-07-01T00:00:00.000Z";"2018-07-01T23:59:59.999Z";"2018-07-01T00:14:01.000Z";"2018-07-01T15:44:01.000Z";"2781";749.1790161133;752.9099731445;719.7620239258;739.424987793;558793984;12728748477.2;"2018-07-01T23:59:59.999Z"
"2018-06-30T00:00:00.000Z";"2018-06-30T23:59:59.999Z";"2018-06-30T01:44:01.000Z";"2018-06-30T00:04:00.000Z";"2781";717.0419921875;762.9190063477;717.0419921875;748.708984375;576081024;12887050715;"2018-06-30T23:59:59.999Z"
"2018-06-29T00:00:00.000Z";"2018-06-29T23:59:59.999Z";"2018-06-29T22:39:00.000Z";"2018-06-29T05:34:01.000Z";"2781";662.9990234375;729.5479736328;652.8129882813;715.7109985352;407536000;12317788897.4;"2018-06-29T23:59:59.999Z"
"2018-06-28T00:00:00.000Z";"2018-06-28T23:59:59.999Z";"2018-06-28T00:39:17.000Z";"2018-06-28T23:39:01.000Z";"2781";714.7009887695;720.2440185547;651.2119750977;660.2399902344;340686016;11361954618;"2018-06-28T23:59:59.999Z"
"2018-06-27T00:00:00.000Z";"2018-06-27T23:59:59.999Z";"2018-06-27T23:19:17.000Z";"2018-06-27T03:59:19.000Z";"2781";698.2849731445;719.9299926758;691.3880004883;713.7670288086;333936992;12282011821.2;"2018-06-27T23:59:59.999Z"
"2018-06-26T00:00:00.000Z";"2018-06-26T23:59:59.999Z";"2018-06-26T00:14:25.000Z";"2018-06-26T23:59:16.000Z";"2781";757.25;757.7020263672;700.258972168;700.258972168;357417984;12048157419.5;"2018-06-26T23:59:59.999Z"
"2018-06-25T00:00:00.000Z";"2018-06-25T23:59:59.999Z";"2018-06-25T12:04:24.000Z";"2018-06-25T03:44:25.000Z";"2781";748.625;774.6489868164;739.0390014648;756.8460083008;447070016;13020419082.1;"2018-06-25T23:59:59.999Z"
"2018-06-24T00:00:00.000Z";"2018-06-24T23:59:59.999Z";"2018-06-24T20:49:23.000Z";"2018-06-24T15:59:23.000Z";"2781";764.6229858398;767.0180053711;676.9429931641;749.3649902344;642142016;12890445591.1;"2018-06-24T23:59:59.999Z"
"2018-06-23T00:00:00.000Z";"2018-06-23T23:59:59.999Z";"2018-06-23T02:19:23.000Z";"2018-06-23T06:34:22.000Z";"2781";755.241027832;776.8900146484;742.3319702148;762.758972168;397206016;13119368989.6;"2018-06-23T23:59:59.999Z"
"2018-06-22T00:00:00.000Z";"2018-06-22T23:59:59.999Z";"2018-06-22T00:44:23.000Z";"2018-06-22T21:14:23.000Z";"2781";874.9650268555;876.3800048828;735.4140014648;755.9749755859;589187968;13001267499.7;"2018-06-22T23:59:59.999Z"
"2018-06-21T00:00:00.000Z";"2018-06-21T23:59:59.999Z";"2018-06-21T02:24:22.000Z";"2018-06-21T19:04:23.000Z";"2781";890.6409912109;900.7199707031;869.1409912109;874.0939941406;361313984;15031302840.1;"2018-06-21T23:59:59.999Z"
"2018-06-20T00:00:00.000Z";"2018-06-20T23:59:59.999Z";"2018-06-20T00:09:25.000Z";"2018-06-20T01:34:23.000Z";"2781";905.7050170898;906.4790039063;866.0640258789;890.4530029297;430131008;15311038807.1;"2018-06-20T23:59:59.999Z"
"2018-06-19T00:00:00.000Z";"2018-06-19T23:59:59.999Z";"2018-06-19T13:19:23.000Z";"2018-06-19T07:14:24.000Z";"2781";885.9940185547;918.1989746094;878.4840087891;904.6519775391;397230016;15553580062.7;"2018-06-19T23:59:59.999Z"
"2018-06-18T00:00:00.000Z";"2018-06-18T23:59:59.999Z";"2018-06-18T18:14:24.000Z";"2018-06-18T11:44:24.000Z";"2781";849.8070068359;892.9619750977;830.2949829102;885.6389770508;381404000;15224997908;"2018-06-18T23:59:59.999Z"
"2018-06-17T00:00:00.000Z";"2018-06-17T23:59:59.999Z";"2018-06-17T04:04:24.000Z";"2018-06-17T23:44:25.000Z";"2781";853.0590209961;865.0819702148;849.2199707031;852.1019897461;290560992;14646877139.5;"2018-06-17T23:59:59.999Z"
"2018-06-16T00:00:00.000Z";"2018-06-16T23:59:59.999Z";"2018-06-16T02:29:25.000Z";"2018-06-16T16:04:24.000Z";"2781";847.1649780273;861.4580078125;839.3350219727;852.1909790039;311148000;14646873026.7;"2018-06-16T23:59:59.999Z"
"2018-06-15T00:00:00.000Z";"2018-06-15T23:59:59.999Z";"2018-06-15T00:24:25.000Z";"2018-06-15T23:19:24.000Z";"2781";896.4299926758;897.0919799805;843.0830078125;849.3150024414;371601984;14595956014.7;"2018-06-15T23:59:59.999Z"
"2018-06-14T00:00:00.000Z";"2018-06-14T23:59:59.999Z";"2018-06-14T21:49:24.000Z";"2018-06-14T01:59:24.000Z";"2781";844.3599853516;898.9349975586;832.8770141602;897.6019897461;522806016;15424258127.7;"2018-06-14T23:59:59.999Z"
"2018-06-13T00:00:00.000Z";"2018-06-13T23:59:59.999Z";"2018-06-13T00:34:23.000Z";"2018-06-13T16:34:25.000Z";"2781";876.8909912109;881.1309814453;818.6199951172;844.2420043945;547672000;14505818809.1;"2018-06-13T23:59:59.999Z"
"2018-06-12T00:00:00.000Z";"2018-06-12T23:59:59.999Z";"2018-06-12T02:14:24.000Z";"2018-06-12T19:39:25.000Z";"2781";957.1400146484;960.1459960938;862.4509887695;874.4340209961;523140992;15023005658.9;"2018-06-12T23:59:59.999Z"
"2018-06-11T00:00:00.000Z";"2018-06-11T23:59:59.999Z";"2018-06-11T02:34:24.000Z";"2018-06-11T15:39:25.000Z";"2781";937.632019043;975.8330078125;906.008972168;958.5640258789;619150976;16466571853.5;"2018-06-11T23:59:59.999Z"
"2018-06-10T00:00:00.000Z";"2018-06-10T23:59:59.999Z";"2018-06-10T17:24:25.000Z";"2018-06-10T17:19:23.000Z";"2781";1087.4599609375;1087.4599609375;909.6069946289;939.5460205078;757265984;16138135357.7;"2018-06-10T23:59:59.999Z"
"2018-06-09T00:00:00.000Z";"2018-06-09T23:59:59.999Z";"2018-06-09T06:29:25.000Z";"2018-06-09T23:59:25.000Z";"2781";1117.3499755859;1137.3199462891;1092.1300048828;1092.1300048828;407028000;18757223537;"2018-06-09T23:59:59.999Z"
"2018-06-08T00:00:00.000Z";"2018-06-08T23:59:59.999Z";"2018-06-08T00:39:24.000Z";"2018-06-08T11:04:24.000Z";"2781";1145.3399658203;1149.8000488281;1096.9100341797;1118.1899414063;503856000;19202774711.6;"2018-06-08T23:59:59.999Z"
"2018-06-07T00:00:00.000Z";"2018-06-07T23:59:59.999Z";"2018-06-07T01:29:25.000Z";"2018-06-07T15:29:27.000Z";"2781";1135.1500244141;1166.25;1133.3399658203;1143.75;561721024;19639588593.8;"2018-06-07T23:59:59.999Z"
"2018-06-06T00:00:00.000Z";"2018-06-06T23:59:59.999Z";"2018-06-06T00:04:32.000Z";"2018-06-06T18:34:24.000Z";"2781";1157.3299560547;1157.3299560547;1107.2099609375;1131.1700439453;608502976;19421623315;"2018-06-06T23:59:59.999Z"
"2018-06-05T00:00:00.000Z";"2018-06-05T23:59:59.999Z";"2018-06-05T20:54:23.000Z";"2018-06-05T14:14:24.000Z";"2781";1110.0699462891;1158.7299804688;1064.7199707031;1152.8900146484;727427008;19792584942;"2018-06-05T23:59:59.999Z"
"2018-06-04T00:00:00.000Z";"2018-06-04T23:59:59.999Z";"2018-06-04T00:34:24.000Z";"2018-06-04T17:34:25.000Z";"2781";1170.7800292969;1206.5300292969;1086.8499755859;1105.8000488281;910656000;18982052220;"2018-06-04T23:59:59.999Z"
"2018-06-03T00:00:00.000Z";"2018-06-03T23:59:59.999Z";"2018-06-03T16:14:20.000Z";"2018-06-03T02:54:21.000Z";"2781";1083.1300048828;1190.5699462891;1074.8199462891;1170.4000244141;842262016;20088760230;"2018-06-03T23:59:59.999Z"
"2018-06-02T00:00:00.000Z";"2018-06-02T23:59:59.999Z";"2018-06-02T04:54:21.000Z";"2018-06-02T06:39:21.000Z";"2781";1003.3300170898;1093.8599853516;996.5889892578;1084.7800292969;689121024;18617224875.8;"2018-06-02T23:59:59.999Z"
"2018-06-01T00:00:00.000Z";"2018-06-01T23:59:59.999Z";"2018-06-01T02:59:21.000Z";"2018-06-01T09:49:22.000Z";"2781";995.6610107422;1010.3400268555;979.8259887695;1002.9199829102;538528000;17210408076;"2018-06-01T23:59:59.999Z"
"2018-05-31T00:00:00.000Z";"2018-05-31T23:59:59.999Z";"2018-05-31T19:39:21.000Z";"2018-05-31T14:39:21.000Z";"2781";983.5739746094;1027.7299804688;975.4019775391;995.3439941406;705260032;17078622465.8;"2018-05-31T23:59:59.999Z"
"2018-05-30T00:00:00.000Z";"2018-05-30T23:59:59.999Z";"2018-05-30T08:49:21.000Z";"2018-05-30T00:59:21.000Z";"2781";990.0700073242;1025.6400146484;954.8889770508;984.6760253906;591774976;16893852271.5;"2018-05-30T23:59:59.999Z"
"2018-05-29T00:00:00.000Z";"2018-05-29T23:59:59.999Z";"2018-05-29T20:44:20.000Z";"2018-05-29T20:59:21.000Z";"2781";896.8499755859;1003.5100097656;880.8850097656;987.6630249023;688334016;16943358765;"2018-05-29T23:59:59.999Z"
"2018-05-28T00:00:00.000Z";"2018-05-28T23:59:59.999Z";"2018-05-28T01:29:13.000Z";"2018-05-28T01:19:14.000Z";"2781";996.6480102539;1005.6500244141;884.0520019531;892.117980957;566168000;15302656174.7;"2018-05-28T23:59:59.999Z"
"2018-05-27T00:00:00.000Z";"2018-05-27T23:59:59.999Z";"2018-05-27T09:54:13.000Z";"2018-05-27T01:19:13.000Z";"2781";1009.200012207;1009.7899780273;982.2719726563;996.9240112305;507305984;17098555062.8;"2018-05-27T23:59:59.999Z"
"2018-05-26T00:00:00.000Z";"2018-05-26T23:59:59.999Z";"2018-05-26T09:44:14.000Z";"2018-05-26T04:59:13.000Z";"2781";1015.6799926758;1046.4899902344;1001.1799926758;1012.4799804688;486185984;17363589040;"2018-05-26T23:59:59.999Z"
"2018-05-25T00:00:00.000Z";"2018-05-25T23:59:59.999Z";"2018-05-25T23:19:13.000Z";"2018-05-25T23:04:13.000Z";"2781";1072.7399902344;1073.0500488281;998.5170288086;1017.299987793;620339968;17444380642.5;"2018-05-25T23:59:59.999Z"
"2018-05-24T00:00:00.000Z";"2018-05-24T23:59:59.999Z";"2018-05-24T14:14:15.000Z";"2018-05-24T08:24:15.000Z";"2781";1005.0100097656;1078.3599853516;958.8159790039;1071.3599853516;785384000;18369471600;"2018-05-24T23:59:59.999Z"
"2018-05-23T00:00:00.000Z";"2018-05-23T23:59:59.999Z";"2018-05-23T23:34:14.000Z";"2018-05-23T17:19:13.000Z";"2781";1142.25;1153.9100341797;978.2650146484;1005.6099853516;858105984;17240265830.9;"2018-05-23T23:59:59.999Z"
"2018-05-22T00:00:00.000Z";"2018-05-22T23:59:59.999Z";"2018-05-22T00:04:35.000Z";"2018-05-22T22:54:14.000Z";"2781";1233.6999511719;1233.6999511719;1131.9300537109;1141.8599853516;634201984;19574049585;"2018-05-22T23:59:59.999Z"
"2018-05-21T00:00:00.000Z";"2018-05-21T23:59:59.999Z";"2018-05-21T00:09:13.000Z";"2018-05-21T18:59:13.000Z";"2781";1296.0300292969;1301.5500488281;1221.5699462891;1233.6400146484;622772992;21145453148;"2018-05-21T23:59:59.999Z"
"2018-05-20T00:00:00.000Z";"2018-05-20T23:59:59.999Z";"2018-05-20T19:09:13.000Z";"2018-05-20T01:04:13.000Z";"2781";1183.1999511719;1306.9499511719;1174.9699707031;1291.7700195313;805598976;22139339234.6;"2018-05-20T23:59:59.999Z"
"2018-05-19T00:00:00.000Z";"2018-05-19T23:59:59.999Z";"2018-05-19T12:09:13.000Z";"2018-05-19T07:59:13.000Z";"2781";1206.6099853516;1208.9899902344;1159.6600341797;1184.9599609375;595862016;20306600272;"2018-05-19T23:59:59.999Z"
"2018-05-18T00:00:00.000Z";"2018-05-18T23:59:59.999Z";"2018-05-18T04:44:13.000Z";"2018-05-18T14:49:13.000Z";"2781";1202.1999511719;1218;1143.1199951172;1207.2399902344;876974976;20686223395.5;"2018-05-18T23:59:59.999Z"
"2018-05-17T00:00:00.000Z";"2018-05-17T23:59:59.999Z";"2018-05-17T03:14:13.000Z";"2018-05-17T22:19:13.000Z";"2781";1290.2199707031;1335.4100341797;1185.9899902344;1206.1700439453;804139008;20665642306.8;"2018-05-17T23:59:59.999Z"
"2018-05-16T00:00:00.000Z";"2018-05-16T23:59:59.999Z";"2018-05-16T00:19:13.000Z";"2018-05-16T02:59:14.000Z";"2781";1341.8900146484;1359.3599853516;1241.9899902344;1280.6199951172;913177984;21939149630.8;"2018-05-16T23:59:59.999Z"
"2018-05-15T00:00:00.000Z";"2018-05-15T23:59:59.999Z";"2018-05-15T10:54:13.000Z";"2018-05-15T22:54:13.000Z";"2781";1430.2800292969;1456.3499755859;1323.3100585938;1343.3800048828;939358016;23011847516.2;"2018-05-15T23:59:59.999Z"
"2018-05-14T00:00:00.000Z";"2018-05-14T23:59:59.999Z";"2018-05-14T16:34:14.000Z";"2018-05-14T13:34:14.000Z";"2781";1489.3299560547;1501.6400146484;1353.7900390625;1431.6899414063;1158710016;24522075800.6;"2018-05-14T23:59:59.999Z"
"2018-05-13T00:00:00.000Z";"2018-05-13T23:59:59.999Z";"2018-05-13T17:19:14.000Z";"2018-05-13T05:04:13.000Z";"2781";1474.7600097656;1507.8800048828;1427.0899658203;1493.1199951172;921628032;25571546400;"2018-05-13T23:59:59.999Z"
"2018-05-12T00:00:00.000Z";"2018-05-12T23:59:59.999Z";"2018-05-12T12:54:13.000Z";"2018-05-12T06:24:14.000Z";"2781";1376.0500488281;1501.6500244141;1284.4399414063;1472.4000244141;1461449984;25214058585;"2018-05-12T23:59:59.999Z"
"2018-05-11T00:00:00.000Z";"2018-05-11T23:59:59.999Z";"2018-05-11T06:04:13.000Z";"2018-05-11T12:19:13.000Z";"2781";1527.4899902344;1556.6400146484;1332.5799560547;1371.7399902344;1513260032;23487841057.8;"2018-05-11T23:59:59.999Z"
"2018-05-10T00:00:00.000Z";"2018-05-10T23:59:59.999Z";"2018-05-10T10:54:13.000Z";"2018-05-10T23:49:14.000Z";"2781";1646.1500244141;1669.8299560547;1523.5600585938;1528.5899658203;1070040000;26170760101.5;"2018-05-10T23:59:59.999Z"
"2018-05-09T00:00:00.000Z";"2018-05-09T23:59:59.999Z";"2018-05-09T17:14:14.000Z";"2018-05-09T04:09:14.000Z";"2781";1607.8699951172;1679.0300292969;1484.2900390625;1638.3399658203;1273219968;28046926773.2;"2018-05-09T23:59:59.999Z"
"2018-05-08T00:00:00.000Z";"2018-05-08T23:59:59.999Z";"2018-05-08T02:54:13.000Z";"2018-05-08T15:39:14.000Z";"2781";1673.0699462891;1693.3499755859;1569.4399414063;1611.9399414063;1060739968;27592020263.5;"2018-05-08T23:59:59.999Z"
"2018-05-07T00:00:00.000Z";"2018-05-07T23:59:59.999Z";"2018-05-07T00:14:14.000Z";"2018-05-07T14:24:13.000Z";"2781";1766.6600341797;1781.4699707031;1590.3000488281;1655.1999511719;1407629952;28329658360;"2018-05-07T23:59:59.999Z"
"2018-05-06T00:00:00.000Z";"2018-05-06T23:59:59.999Z";"2018-05-06T01:54:14.000Z";"2018-05-06T12:19:13.000Z";"2781";1758.8299560547;1838.4899902344;1670.3399658203;1765.6899414063;1946960000;30217488953;"2018-05-06T23:59:59.999Z"
"2018-05-05T00:00:00.000Z";"2018-05-05T23:59:59.999Z";"2018-05-05T23:54:14.000Z";"2018-05-05T00:19:15.000Z";"2781";1516.7399902344;1753.1099853516;1515.0699462891;1752.0999755859;1664400000;29981891397.5;"2018-05-05T23:59:59.999Z"
"2018-05-04T00:00:00.000Z";"2018-05-04T23:59:59.999Z";"2018-05-04T12:24:13.000Z";"2018-05-04T03:44:14.000Z";"2781";1501.4000244141;1538.4599609375;1466.2099609375;1517.3299560547;960185024;25961592166.5;"2018-05-04T23:59:59.999Z"
"2018-05-03T00:00:00.000Z";"2018-05-03T23:59:59.999Z";"2018-05-03T01:54:14.000Z";"2018-05-03T07:09:13.000Z";"2781";1459.5500488281;1536.8000488281;1454.9699707031;1511.9699707031;1282659968;25867122953.2;"2018-05-03T23:59:59.999Z"
"2018-05-02T00:00:00.000Z";"2018-05-02T23:59:59.999Z";"2018-05-02T10:49:14.000Z";"2018-05-02T01:34:14.000Z";"2781";1353.5400390625;1480.5799560547;1326.9100341797;1458.7199707031;1165139968;24953703084;"2018-05-02T23:59:59.999Z"
"2018-05-01T00:00:00.000Z";"2018-05-01T23:59:59.999Z";"2018-05-01T23:59:14.000Z";"2018-05-01T01:24:14.000Z";"2781";1348.6400146484;1351.2800292969;1261.5999755859;1351.2800292969;774633024;23113272798;"2018-05-01T23:59:59.999Z"
"2018-04-30T00:00:00.000Z";"2018-04-30T23:59:59.999Z";"2018-04-30T00:04:15.000Z";"2018-04-30T22:59:14.000Z";"2781";1440.9599609375;1440.9599609375;1339.3599853516;1350.0500488281;753113984;23089803896.2;"2018-04-30T23:59:59.999Z"
"2018-04-29T00:00:00.000Z";"2018-04-29T23:59:59.999Z";"2018-04-29T02:14:14.000Z";"2018-04-29T11:14:16.000Z";"2781";1393.9899902344;1477.3100585938;1378.0100097656;1440.3000488281;1049449984;24630696326.2;"2018-04-29T23:59:59.999Z"
"2018-04-28T00:00:00.000Z";"2018-04-28T23:59:59.999Z";"2018-04-28T13:04:15.000Z";"2018-04-28T00:09:20.000Z";"2781";1337.9599609375;1418.6099853516;1334.2700195313;1396.25;808801984;23874967437.5;"2018-04-28T23:59:59.999Z"
"2018-04-27T00:00:00.000Z";"2018-04-27T23:59:59.999Z";"2018-04-27T00:04:15.000Z";"2018-04-27T23:59:15.000Z";"2781";1422.0600585938;1422.0600585938;1337.8499755859;1337.8499755859;905273024;22873890375;"2018-04-27T23:59:59.999Z"
"2018-04-26T00:00:00.000Z";"2018-04-26T23:59:59.999Z";"2018-04-26T23:59:15.000Z";"2018-04-26T00:34:15.000Z";"2781";1289.5400390625;1420.4100341797;1250.8599853516;1420.4100341797;1281929984;24282832216.5;"2018-04-26T23:59:59.999Z"
"2018-04-25T00:00:00.000Z";"2018-04-25T23:59:59.999Z";"2018-04-25T01:44:18.000Z";"2018-04-25T14:54:20.000Z";"2781";1426.7099609375;1437.1800537109;1246.6099853516;1284.7900390625;1830969984;21962007541.5;"2018-04-25T23:59:59.999Z"
"2018-04-24T00:00:00.000Z";"2018-04-24T23:59:59.999Z";"2018-04-24T04:59:14.000Z";"2018-04-24T23:39:17.000Z";"2781";1434.0100097656;1560.9399414063;1414.1099853516;1426.4200439453;2053920000;24380281488.8;"2018-04-24T23:59:59.999Z"
"2018-04-23T00:00:00.000Z";"2018-04-23T23:59:59.999Z";"2018-04-23T12:29:12.000Z";"2018-04-23T00:04:13.000Z";"2781";1194.7099609375;1443.2700195313;1194.7099609375;1432.2600097656;1934290048;24477753078;"2018-04-23T23:59:59.999Z"
"2018-04-22T00:00:00.000Z";"2018-04-22T23:59:59.999Z";"2018-04-22T18:09:12.000Z";"2018-04-22T00:54:12.000Z";"2781";1147.4799804688;1250.5100097656;1116.2700195313;1201.2199707031;968409024;20527017939.5;"2018-04-22T23:59:59.999Z"
"2018-04-21T00:00:00.000Z";"2018-04-21T23:59:59.999Z";"2018-04-21T15:44:14.000Z";"2018-04-21T11:34:14.000Z";"2781";1126.8599853516;1172.2800292969;1028.0300292969;1154.6899414063;1093510016;19729798322.1;"2018-04-21T23:59:59.999Z"
"2018-04-20T00:00:00.000Z";"2018-04-20T23:59:59.999Z";"2018-04-20T02:24:14.000Z";"2018-04-20T10:29:14.000Z";"2781";970.1469726563;1142.5;947.8829956055;1128.0200195313;1006640000;19271883294;"2018-04-20T23:59:59.999Z"
"2018-04-19T00:00:00.000Z";"2018-04-19T23:59:59.999Z";"2018-04-19T17:34:13.000Z";"2018-04-19T04:49:13.000Z";"2781";890.6619873047;983.583984375;878.4450073242;968.6380004883;658164992;16547121874.2;"2018-04-19T23:59:59.999Z"
"2018-04-18T00:00:00.000Z";"2018-04-18T23:59:59.999Z";"2018-04-18T23:39:13.000Z";"2018-04-18T00:09:14.000Z";"2781";758.25;893.5720214844;757.3920288086;888.9080200195;634652992;15183404214;"2018-04-18T23:59:59.999Z"
"2018-04-17T00:00:00.000Z";"2018-04-17T23:59:59.999Z";"2018-04-17T12:29:14.000Z";"2018-04-17T20:09:15.000Z";"2781";766.6979980469;784.4920043945;755.3809814453;757.591003418;331700992;12938925098.7;"2018-04-17T23:59:59.999Z"
"2018-04-16T00:00:00.000Z";"2018-04-16T23:59:59.999Z";"2018-04-16T01:19:14.000Z";"2018-04-16T13:34:14.000Z";"2781";781.1209716797;797.8800048828;745.7310180664;766.4730224609;382080000;13089241458.3;"2018-04-16T23:59:59.999Z"
"2018-04-15T00:00:00.000Z";"2018-04-15T23:59:59.999Z";"2018-04-15T13:49:15.000Z";"2018-04-15T00:04:15.000Z";"2781";741.9069824219;785.3519897461;741.9069824219;780.8259887695;327336000;13332965082;"2018-04-15T23:59:59.999Z"
"2018-04-14T00:00:00.000Z";"2018-04-14T23:59:59.999Z";"2018-04-14T07:49:15.000Z";"2018-04-14T12:54:15.000Z";"2781";738.7199707031;760.4760131836;723.2199707031;738.9849853516;267415008;12617189719.9;"2018-04-14T23:59:59.999Z"
"2018-04-13T00:00:00.000Z";"2018-04-13T23:59:59.999Z";"2018-04-13T12:59:15.000Z";"2018-04-13T01:54:14.000Z";"2781";735.7780151367;781.1279907227;725.3980102539;738.3020019531;384095008;12604116397.3;"2018-04-13T23:59:59.999Z"
"2018-04-12T00:00:00.000Z";"2018-04-12T23:59:59.999Z";"2018-04-12T23:59:15.000Z";"2018-04-12T07:29:16.000Z";"2781";666.3900146484;734.4819946289;658.9299926758;734.4819946289;417016992;12537506748.7;"2018-04-12T23:59:59.999Z"
"2018-04-11T00:00:00.000Z";"2018-04-11T23:59:59.999Z";"2018-04-11T23:59:16.000Z";"2018-04-11T00:04:12.000Z";"2781";648.8980102539;666.5800170898;648.8980102539;666.5800170898;252158000;11377412410.8;"2018-04-11T23:59:59.999Z"
"2018-04-10T00:00:00.000Z";"2018-04-10T23:59:59.999Z";"2018-04-10T18:09:13.000Z";"2018-04-10T08:39:12.000Z";"2781";637.6970214844;657.0109863281;628.8610229492;649.616027832;225054000;11086647103.4;"2018-04-10T23:59:59.999Z"
"2018-04-09T00:00:00.000Z";"2018-04-09T23:59:59.999Z";"2018-04-09T09:09:12.000Z";"2018-04-09T20:09:12.000Z";"2781";656.091003418;680.5969848633;627.3170166016;637.0289916992;254947008;10870684887.7;"2018-04-09T23:59:59.999Z"
"2018-04-08T00:00:00.000Z";"2018-04-08T23:59:59.999Z";"2018-04-08T12:39:14.000Z";"2018-04-08T00:04:13.000Z";"2781";640.8920288086;659.8090209961;640.8920288086;655.2559814453;198906000;11180534839.6;"2018-04-08T23:59:59.999Z"
"2018-04-07T00:00:00.000Z";"2018-04-07T23:59:59.999Z";"2018-04-07T20:29:12.000Z";"2018-04-07T00:34:11.000Z";"2781";611.2030029297;652.5939941406;610.4110107422;640.3460083008;231143008;10925007140.6;"2018-04-07T23:59:59.999Z"
"2018-04-06T00:00:00.000Z";"2018-04-06T23:59:59.999Z";"2018-04-06T00:54:12.000Z";"2018-04-06T19:39:12.000Z";"2781";641.8619995117;646.083984375;603.7050170898;610.4260253906;225186000;10413379219.2;"2018-04-06T23:59:59.999Z"
"2018-04-05T00:00:00.000Z";"2018-04-05T23:59:59.999Z";"2018-04-05T04:14:12.000Z";"2018-04-05T12:54:12.000Z";"2781";648.6279907227;655.5219726563;620.1030273438;646.0419921875;243988992;11019780659.8;"2018-04-05T23:59:59.999Z"
"2018-04-04T00:00:00.000Z";"2018-04-04T23:59:59.999Z";"2018-04-04T01:14:12.000Z";"2018-04-04T19:29:12.000Z";"2781";710.4710083008;711.2719726563;638.008972168;649.1959838867;282960000;11072508447.1;"2018-04-04T23:59:59.999Z"
"2018-04-03T00:00:00.000Z";"2018-04-03T23:59:59.999Z";"2018-04-03T19:04:13.000Z";"2018-04-03T01:04:12.000Z";"2781";664.1500244141;719.7730102539;660.3449707031;712.8779907227;303771008;12157350124.2;"2018-04-03T23:59:59.999Z"
"2018-04-02T00:00:00.000Z";"2018-04-02T23:59:59.999Z";"2018-04-02T11:34:12.000Z";"2018-04-02T00:14:12.000Z";"2781";644.4580078125;686.0250244141;641.4279785156;662.7730102539;282036000;11301621765.3;"2018-04-02T23:59:59.999Z"
"2018-04-01T00:00:00.000Z";"2018-04-01T23:59:59.999Z";"2018-04-01T01:49:12.000Z";"2018-04-01T15:54:12.000Z";"2781";688.0139770508;699.049987793;629.9329833984;643.0269775391;318440000;10963859523;"2018-04-01T23:59:59.999Z"
"2018-03-31T00:00:00.000Z";"2018-03-31T23:59:59.999Z";"2018-03-31T02:14:13.000Z";"2018-03-31T23:39:12.000Z";"2781";697.6220092773;735.8170166016;683.991027832;685.2470092773;306972000;11682407782.7;"2018-03-31T23:59:59.999Z"
"2018-03-30T00:00:00.000Z";"2018-03-30T23:59:59.999Z";"2018-03-30T06:14:13.000Z";"2018-03-30T17:29:13.000Z";"2781";712.4050292969;766.9730224609;677.5280151367;697.0120239258;416567008;11881684759.2;"2018-03-30T23:59:59.999Z"
"2018-03-29T00:00:00.000Z";"2018-03-29T23:59:59.999Z";"2018-03-29T01:34:12.000Z";"2018-03-29T21:59:12.000Z";"2781";861.6099853516;867.3129882813;703.1799926758;714.2680053711;452656000;12174626633.2;"2018-03-29T23:59:59.999Z"
"2018-03-28T00:00:00.000Z";"2018-03-28T23:59:59.999Z";"2018-03-28T11:24:13.000Z";"2018-03-28T21:49:12.000Z";"2781";876.3590087891;897.6290283203;852.882019043;860.5200195313;337268000;14665917655.5;"2018-03-28T23:59:59.999Z"
"2018-03-27T00:00:00.000Z";"2018-03-27T23:59:59.999Z";"2018-03-27T00:59:12.000Z";"2018-03-27T23:59:12.000Z";"2781";916.9899902344;926.3829956055;876.3280029297;876.3280029297;339011008;14933976474.3;"2018-03-27T23:59:59.999Z"
"2018-03-26T00:00:00.000Z";"2018-03-26T23:59:59.999Z";"2018-03-26T06:04:13.000Z";"2018-03-26T21:54:12.000Z";"2781";967.8950195313;975.6129760742;887.0020141602;919.2479858398;347366016;15663618220.8;"2018-03-26T23:59:59.999Z"
"2018-03-25T00:00:00.000Z";"2018-03-25T23:59:59.999Z";"2018-03-25T19:19:11.000Z";"2018-03-25T23:29:11.000Z";"2781";973.6030273438;991.0720214844;965.5180053711;966.8759765625;237008000;16473439912.8;"2018-03-25T23:59:59.999Z"
"2018-03-24T00:00:00.000Z";"2018-03-24T23:59:59.999Z";"2018-03-24T11:09:13.000Z";"2018-03-24T11:39:12.000Z";"2781";1028.1199951172;1030.4300537109;982.3029785156;982.3029785156;264080000;16734538465.6;"2018-03-24T23:59:59.999Z"
"2018-03-23T00:00:00.000Z";"2018-03-23T23:59:59.999Z";"2018-03-23T18:54:12.000Z";"2018-03-23T20:14:12.000Z";"2781";1011.8300170898;1019.4299926758;966.3969726563;1019.4299926758;303600000;17365238220.4;"2018-03-23T23:59:59.999Z"
"2018-03-22T00:00:00.000Z";"2018-03-22T23:59:59.999Z";"2018-03-22T14:29:12.000Z";"2018-03-22T14:19:13.000Z";"2781";1033.2600097656;1064.2199707031;992.5549926758;1011.5200195313;344283008;17228587960;"2018-03-22T23:59:59.999Z"
"2018-03-21T00:00:00.000Z";"2018-03-21T23:59:59.999Z";"2018-03-21T04:34:12.000Z";"2018-03-21T17:34:12.000Z";"2781";1066.0300292969;1082.3499755859;1016.3699951172;1033.4499511719;389291008;17600286488.1;"2018-03-21T23:59:59.999Z"
"2018-03-20T00:00:00.000Z";"2018-03-20T23:59:59.999Z";"2018-03-20T02:34:12.000Z";"2018-03-20T13:39:12.000Z";"2781";998.1699829102;1072.4200439453;958.5130004883;1059.1199951172;503262016;18035635329;"2018-03-20T23:59:59.999Z"
"2018-03-19T00:00:00.000Z";"2018-03-19T23:59:59.999Z";"2018-03-19T16:24:12.000Z";"2018-03-19T10:14:12.000Z";"2781";942.5980224609;997.2760009766;915.5139770508;994.674987793;425419008;16936492859.7;"2018-03-19T23:59:59.999Z"
"2018-03-18T00:00:00.000Z";"2018-03-18T23:59:59.999Z";"2018-03-18T00:04:12.000Z";"2018-03-18T16:09:12.000Z";"2781";948.2760009766;948.2760009766;851.6129760742;938.1149902344;435070016;15971701035.9;"2018-03-18T23:59:59.999Z"
"2018-03-17T00:00:00.000Z";"2018-03-17T23:59:59.999Z";"2018-03-17T09:24:12.000Z";"2018-03-17T09:19:12.000Z";"2781";974.7039794922;1028.7299804688;930.4400024414;949.7789916992;411316000;16168562806.5;"2018-03-17T23:59:59.999Z"
"2018-03-16T00:00:00.000Z";"2018-03-16T23:59:59.999Z";"2018-03-16T22:44:12.000Z";"2018-03-16T23:34:12.000Z";"2781";943.6010131836;1053.6300048828;902.7760009766;977.0349731445;472032992;16630711168.9;"2018-03-16T23:59:59.999Z"
"2018-03-15T00:00:00.000Z";"2018-03-15T23:59:59.999Z";"2018-03-15T22:14:12.000Z";"2018-03-15T06:24:12.000Z";"2781";949.7680053711;954.4110107422;877.1019897461;943.6359863281;374740992;16060495992.8;"2018-03-15T23:59:59.999Z"
"2018-03-14T00:00:00.000Z";"2018-03-14T23:59:59.999Z";"2018-03-14T16:39:12.000Z";"2018-03-14T13:49:12.000Z";"2781";1071.5;1073.1199951172;924.4060058594;949.4669799805;406616000;16158029406;"2018-03-14T23:59:59.999Z"
"2018-03-13T00:00:00.000Z";"2018-03-13T23:59:59.999Z";"2018-03-13T11:19:12.000Z";"2018-03-13T12:54:13.000Z";"2781";1051.0699462891;1100.0699462891;999.7520141602;1064.0300292969;458028000;18105827088.2;"2018-03-13T23:59:59.999Z"
"2018-03-12T00:00:00.000Z";"2018-03-12T23:59:59.999Z";"2018-03-12T01:24:13.000Z";"2018-03-12T20:14:12.000Z";"2781";1143.9399414063;1152.5600585938;1022.0300292969;1051.2800292969;425558016;17886964137;"2018-03-12T23:59:59.999Z"
"2018-03-11T00:00:00.000Z";"2018-03-11T23:59:59.999Z";"2018-03-11T02:49:12.000Z";"2018-03-11T05:29:12.000Z";"2781";1002.549987793;1157.0699462891;973.3549804688;1145.1700439453;514167008;19482419344.4;"2018-03-11T23:59:59.999Z"
"2018-03-10T00:00:00.000Z";"2018-03-10T23:59:59.999Z";"2018-03-10T22:34:12.000Z";"2018-03-10T21:14:11.000Z";"2781";1071.1500244141;1087.3000488281;994.1900024414;1005.9299926758;370367008;17111762062.9;"2018-03-10T23:59:59.999Z"
"2018-03-09T00:00:00.000Z";"2018-03-09T23:59:59.999Z";"2018-03-09T04:09:12.000Z";"2018-03-09T15:14:12.000Z";"2781";1034.6899414063;1071.6500244141;937.9669799805;1067.0200195313;510887008;18148929842.2;"2018-03-09T23:59:59.999Z"
"2018-03-08T00:00:00.000Z";"2018-03-08T23:59:59.999Z";"2018-03-08T00:34:11.000Z";"2018-03-08T17:24:11.000Z";"2781";1094.6400146484;1113.6099853516;1006.8599853516;1040.2099609375;446519008;17691098519.9;"2018-03-08T23:59:59.999Z"
"2018-03-07T00:00:00.000Z";"2018-03-07T23:59:59.999Z";"2018-03-07T00:54:12.000Z";"2018-03-07T17:24:18.000Z";"2781";1205.8399658203;1218.8399658203;1043.6999511719;1092.1600341797;455224992;18572604012;"2018-03-07T23:59:59.999Z"
"2018-03-06T00:00:00.000Z";"2018-03-06T23:59:59.999Z";"2018-03-06T00:04:11.000Z";"2018-03-06T20:39:11.000Z";"2781";1264.1899414063;1264.1899414063;1179.8499755859;1206.0400390625;401782016;20506961442;"2018-03-06T23:59:59.999Z"
"2018-03-05T00:00:00.000Z";"2018-03-05T23:59:59.999Z";"2018-03-05T12:24:11.000Z";"2018-03-05T23:59:12.000Z";"2781";1287.0999755859;1291.8800048828;1268.0300292969;1268.0300292969;350078016;21558729052.5;"2018-03-05T23:59:59.999Z"
"2018-03-04T00:00:00.000Z";"2018-03-04T23:59:59.999Z";"2018-03-04T23:54:11.000Z";"2018-03-04T07:44:12.000Z";"2781";1267.8599853516;1289.7199707031;1225.0999755859;1289.0799560547;367584000;21914279432.5;"2018-03-04T23:59:59.999Z"
"2018-03-03T00:00:00.000Z";"2018-03-03T23:59:59.999Z";"2018-03-03T04:54:12.000Z";"2018-03-03T22:09:12.000Z";"2781";1274.6700439453;1302.8000488281;1257.7600097656;1270.3800048828;371664000;21594173316;"2018-03-03T23:59:59.999Z"
"2018-03-02T00:00:00.000Z";"2018-03-02T23:59:59.999Z";"2018-03-02T02:04:13.000Z";"2018-03-02T16:44:16.000Z";"2781";1284.9499511719;1303.6600341797;1255.3699951172;1275.1800537109;421497984;21673564990.5;"2018-03-02T23:59:59.999Z"
"2018-03-01T00:00:00.000Z";"2018-03-01T23:59:59.999Z";"2018-03-01T21:09:13.000Z";"2018-03-01T00:14:13.000Z";"2781";1204.8399658203;1303.4499511719;1195.0300292969;1291.9200439453;482240000;21955792824;"2018-03-01T23:59:59.999Z"
"2018-02-28T00:00:00.000Z";"2018-02-28T23:59:59.999Z";"2018-02-28T03:49:12.000Z";"2018-02-28T23:59:12.000Z";"2781";1243.2600097656;1275.6600341797;1204.1600341797;1204.1600341797;375300992;20462034996;"2018-02-28T23:59:59.999Z"
"2018-02-27T00:00:00.000Z";"2018-02-27T23:59:59.999Z";"2018-02-27T09:44:13.000Z";"2018-02-27T03:14:13.000Z";"2781";1255.4499511719;1297.6899414063;1231.9899902344;1246.6600341797;420912000;21181906560.5;"2018-02-27T23:59:59.999Z"
"2018-02-26T00:00:00.000Z";"2018-02-26T23:59:59.999Z";"2018-02-26T14:19:13.000Z";"2018-02-26T08:44:12.000Z";"2781";1177.5799560547;1274.8599853516;1149.4399414063;1250.5600585938;460182016;21246107744;"2018-02-26T23:59:59.999Z"
"2018-02-25T00:00:00.000Z";"2018-02-25T23:59:59.999Z";"2018-02-25T07:14:12.000Z";"2018-02-25T15:34:13.000Z";"2781";1191.3499755859;1210.1999511719;1143.0699462891;1178.0999755859;362664992;20012870666.2;"2018-02-25T23:59:59.999Z"
"2018-02-24T00:00:00.000Z";"2018-02-24T23:59:59.999Z";"2018-02-24T02:14:12.000Z";"2018-02-24T20:59:12.000Z";"2781";1266.5600585938;1309.3800048828;1149.4799804688;1193.2700195313;413263008;20268481491.4;"2018-02-24T23:59:59.999Z"
"2018-02-23T00:00:00.000Z";"2018-02-23T23:59:59.999Z";"2018-02-23T14:49:13.000Z";"2018-02-23T01:24:13.000Z";"2781";1217.3599853516;1319.3299560547;1161.4200439453;1270.7099609375;492542016;21581532149.6;"2018-02-23T23:59:59.999Z"
"2018-02-22T00:00:00.000Z";"2018-02-22T23:59:59.999Z";"2018-02-22T06:39:13.000Z";"2018-02-22T17:44:13.000Z";"2781";1304.6600341797;1350.3399658203;1194.0500488281;1219.4899902344;475079008;20709470641.8;"2018-02-22T23:59:59.999Z"
"2018-02-21T00:00:00.000Z";"2018-02-21T23:59:59.999Z";"2018-02-21T01:54:12.000Z";"2018-02-21T22:34:12.000Z";"2781";1412.8499755859;1423.9399414063;1293.4699707031;1308.4599609375;575353984;22218026982.2;"2018-02-21T23:59:59.999Z"
"2018-02-20T00:00:00.000Z";"2018-02-20T23:59:59.999Z";"2018-02-20T06:59:13.000Z";"2018-02-20T23:49:12.000Z";"2781";1543.2700195313;1569.0300292969;1414.3499755859;1418.7299804688;820947008;24087960507.4;"2018-02-20T23:59:59.999Z"
"2018-02-19T00:00:00.000Z";"2018-02-19T23:59:59.999Z";"2018-02-19T15:59:12.000Z";"2018-02-19T00:04:13.000Z";"2781";1483.3399658203;1553.8100585938;1483.3399658203;1534.7700195313;578905984;26055483336;"2018-02-19T23:59:59.999Z"
"2018-02-18T00:00:00.000Z";"2018-02-18T23:59:59.999Z";"2018-02-18T01:04:12.000Z";"2018-02-18T09:59:12.000Z";"2781";1552.0999755859;1641.4000244141;1428.4899902344;1487.4599609375;907873024;25249614906.8;"2018-02-18T23:59:59.999Z"
"2018-02-17T00:00:00.000Z";"2018-02-17T23:59:59.999Z";"2018-02-17T08:49:12.000Z";"2018-02-17T14:39:12.000Z";"2781";1548.4799804688;1568.6400146484;1517.1400146484;1551.3900146484;641718976;26332072140.4;"2018-02-17T23:59:59.999Z"
"2018-02-16T00:00:00.000Z";"2018-02-16T23:59:59.999Z";"2018-02-16T23:49:12.000Z";"2018-02-16T00:14:12.000Z";"2781";1373.1600341797;1558.6600341797;1369.6800537109;1552.1999511719;961009984;26343142897.5;"2018-02-16T23:59:59.999Z"
"2018-02-15T00:00:00.000Z";"2018-02-15T23:59:59.999Z";"2018-02-15T18:34:13.000Z";"2018-02-15T11:49:13.000Z";"2781";1358.6500244141;1400.7099609375;1330.1800537109;1375.8100585938;502454016;23346962573.6;"2018-02-15T23:59:59.999Z"
"2018-02-14T00:00:00.000Z";"2018-02-14T23:59:59.999Z";"2018-02-14T15:24:12.000Z";"2018-02-14T00:04:12.000Z";"2781";1229.1800537109;1384.0600585938;1229.1800537109;1362.2700195313;629852032;23114690849.2;"2018-02-14T23:59:59.999Z"
"2018-02-13T00:00:00.000Z";"2018-02-13T23:59:59.999Z";"2018-02-13T00:19:13.000Z";"2018-02-13T09:29:12.000Z";"2781";1285.2299804688;1289.4200439453;1205.7299804688;1231.9799804688;442663008;20901788079.8;"2018-02-13T23:59:59.999Z"
"2018-02-12T00:00:00.000Z";"2018-02-12T23:59:59.999Z";"2018-02-12T10:44:12.000Z";"2018-02-12T00:04:13.000Z";"2781";1222.4300537109;1302.6600341797;1222.4300537109;1283.9100341797;466212992;21780634413;"2018-02-12T23:59:59.999Z"
"2018-02-11T00:00:00.000Z";"2018-02-11T23:59:59.999Z";"2018-02-11T00:24:12.000Z";"2018-02-11T08:14:12.000Z";"2781";1255.5899658203;1306.1999511719;1197.8699951172;1217.6400146484;651555008;20654142397.5;"2018-02-11T23:59:59.999Z"
"2018-02-10T00:00:00.000Z";"2018-02-10T23:59:59.999Z";"2018-02-10T03:29:13.000Z";"2018-02-10T21:04:13.000Z";"2781";1311.9899902344;1394.8100585938;1215.7199707031;1257.3100585938;734606016;21324826284.2;"2018-02-10T23:59:59.999Z"
"2018-02-09T00:00:00.000Z";"2018-02-09T23:59:59.999Z";"2018-02-09T10:49:12.000Z";"2018-02-09T02:34:17.000Z";"2781";1273.8699951172;1342.4100341797;1206.3900146484;1312.1099853516;1133760000;22251745462.5;"2018-02-09T23:59:59.999Z"
"2018-02-08T00:00:00.000Z";"2018-02-08T23:59:59.999Z";"2018-02-08T02:49:17.000Z";"2018-02-08T03:39:17.000Z";"2781";951.5670166016;1345.1999511719;951.5670166016;1284.5600585938;2203709952;21782508718;"2018-02-08T23:59:59.999Z"
"2018-02-07T00:00:00.000Z";"2018-02-07T23:59:59.999Z";"2018-02-07T20:29:17.000Z";"2018-02-07T12:54:17.000Z";"2781";971.0759887695;1040.4899902344;902.492980957;957.9600219727;866222016;16242319570.5;"2018-02-07T23:59:59.999Z"
"2018-02-06T00:00:00.000Z";"2018-02-06T23:59:59.999Z";"2018-02-06T23:49:17.000Z";"2018-02-06T08:04:18.000Z";"2781";890.966003418;978.9119873047;764.0180053711;974.5250244141;777420032;16521414682.5;"2018-02-06T23:59:59.999Z"
"2018-02-05T00:00:00.000Z";"2018-02-05T23:59:59.999Z";"2018-02-05T14:19:18.000Z";"2018-02-05T11:59:18.000Z";"2781";1159.8900146484;1172.6999511719;839.9520263672;887.4130249023;568116992;15042848357.5;"2018-02-05T23:59:59.999Z"
"2018-02-04T00:00:00.000Z";"2018-02-04T23:59:59.999Z";"2018-02-04T07:14:18.000Z";"2018-02-04T20:39:19.000Z";"2781";1273.1700439453;1286.9799804688;1101.3100585938;1165.3800048828;656033984;19752812251.5;"2018-02-04T23:59:59.999Z"
"2018-02-03T00:00:00.000Z";"2018-02-03T23:59:59.999Z";"2018-02-03T20:24:17.000Z";"2018-02-03T04:09:18.000Z";"2781";1194.2299804688;1314.4300537109;1072.8299560547;1272.5;453100992;21566075500;"2018-02-03T23:59:59.999Z"
"2018-02-02T00:00:00.000Z";"2018-02-02T23:59:59.999Z";"2018-02-02T12:39:18.000Z";"2018-02-02T12:34:17.000Z";"2781";1272.5;1272.5;980.7760009766;1191.1400146484;896665984;20185147775.5;"2018-02-02T23:59:59.999Z"
"2018-02-01T00:00:00.000Z";"2018-02-01T23:59:59.999Z";"2018-02-01T02:24:19.000Z";"2018-02-01T20:24:17.000Z";"2781";1491.1199951172;1503.3000488281;1214.8800048828;1274.3499755859;678019968;21593159857.5;"2018-02-01T23:59:59.999Z"
"2018-01-31T00:00:00.000Z";"2018-01-31T23:59:59.999Z";"2018-01-31T12:59:17.000Z";"2018-01-31T01:09:18.000Z";"2781";1470.7399902344;1522.8699951172;1406.25;1486.8900146484;729209024;25191540894.4;"2018-01-31T23:59:59.999Z"
"2018-01-30T00:00:00.000Z";"2018-01-30T23:59:59.999Z";"2018-01-30T00:29:17.000Z";"2018-01-30T23:54:18.000Z";"2781";1657.6899414063;1662.0699462891;1468.1700439453;1470.5500488281;649822976;24912532404.4;"2018-01-30T23:59:59.999Z"
"2018-01-29T00:00:00.000Z";"2018-01-29T23:59:59.999Z";"2018-01-29T00:34:18.000Z";"2018-01-29T22:59:16.000Z";"2781";1745.3599853516;1763.2399902344;1638.3299560547;1657.1400146484;362212992;28070315174.2;"2018-01-29T23:59:59.999Z"
"2018-01-28T00:00:00.000Z";"2018-01-28T23:59:59.999Z";"2018-01-28T12:14:17.000Z";"2018-01-28T00:04:17.000Z";"2781";1636.4100341797;1762.3399658203;1636.4100341797;1746.25;580544000;29576563671.9;"2018-01-28T23:59:59.999Z"
"2018-01-27T00:00:00.000Z";"2018-01-27T23:59:59.999Z";"2018-01-27T20:14:17.000Z";"2018-01-27T11:39:18.000Z";"2781";1602.5;1665.8100585938;1567.7800292969;1628.6300048828;441742016;27581500502;"2018-01-27T23:59:59.999Z"
"2018-01-26T00:00:00.000Z";"2018-01-26T23:59:59.999Z";"2018-01-26T02:59:17.000Z";"2018-01-26T09:59:17.000Z";"2781";1637.1899414063;1678.6300048828;1500.3699951172;1603.9000244141;594667008;27159760942.5;"2018-01-26T23:59:59.999Z"
"2018-01-25T00:00:00.000Z";"2018-01-25T23:59:59.999Z";"2018-01-25T03:54:17.000Z";"2018-01-25T15:59:17.000Z";"2781";1661.0400390625;1707.6999511719;1611.0400390625;1642.1199951172;522193984;27804026889.5;"2018-01-25T23:59:59.999Z"
"2018-01-24T00:00:00.000Z";"2018-01-24T23:59:59.999Z";"2018-01-24T10:34:17.000Z";"2018-01-24T02:04:18.000Z";"2781";1622.1500244141;1703.3399658203;1575.4200439453;1639.1300048828;488160992;27750266008.8;"2018-01-24T23:59:59.999Z"
"2018-01-23T00:00:00.000Z";"2018-01-23T23:59:59.999Z";"2018-01-23T17:04:17.000Z";"2018-01-23T11:54:16.000Z";"2781";1623.1400146484;1700.3399658203;1504.7199707031;1621.4599609375;578984000;27448541049.8;"2018-01-23T23:59:59.999Z"
"2018-01-22T00:00:00.000Z";"2018-01-22T23:59:59.999Z";"2018-01-22T01:04:17.000Z";"2018-01-22T21:54:17.000Z";"2781";1794.4599609375;1815.4200439453;1525.5;1621.9200439453;681350016;27453023400;"2018-01-22T23:59:59.999Z"
"2018-01-21T00:00:00.000Z";"2018-01-21T23:59:59.999Z";"2018-01-21T00:04:17.000Z";"2018-01-21T21:14:17.000Z";"2781";2033.6999511719;2033.6999511719;1733.9899902344;1776.6400146484;745179008;30068588224;"2018-01-21T23:59:59.999Z"
"2018-01-20T00:00:00.000Z";"2018-01-20T23:59:59.999Z";"2018-01-20T19:44:16.000Z";"2018-01-20T00:29:17.000Z";"2781";1784.2600097656;2124.4499511719;1780.4499511719;2032.1199951172;1116240000;34388779313.5;"2018-01-20T23:59:59.999Z"
"2018-01-19T00:00:00.000Z";"2018-01-19T23:59:59.999Z";"2018-01-19T13:14:16.000Z";"2018-01-19T00:09:17.000Z";"2781";1740.1700439453;1870.7800292969;1723.8699951172;1769.6199951172;743246976;29943762140.2;"2018-01-19T23:59:59.999Z"
"2018-01-18T00:00:00.000Z";"2018-01-18T23:59:59.999Z";"2018-01-18T16:04:17.000Z";"2018-01-18T00:34:16.000Z";"2781";1752.2700195313;1893.4699707031;1696.25;1756.75;1024060032;29722694803.1;"2018-01-18T23:59:59.999Z"
"2018-01-17T00:00:00.000Z";"2018-01-17T23:59:59.999Z";"2018-01-17T00:24:17.000Z";"2018-01-17T15:39:17.000Z";"2781";1767.5799560547;1875.0799560547;1361.0200195313;1748.0500488281;1457730048;29572177011.9;"2018-01-17T23:59:59.999Z"
"2018-01-16T00:00:00.000Z";"2018-01-16T23:59:59.999Z";"2018-01-16T00:04:12.000Z";"2018-01-16T22:34:16.000Z";"2781";2406.8601074219;2406.8601074219;1555.9699707031;1772.0699462891;1704029952;29975361481.5;"2018-01-16T23:59:59.999Z"
"2018-01-15T00:00:00.000Z";"2018-01-15T23:59:59.999Z";"2018-01-15T01:14:13.000Z";"2018-01-15T11:54:12.000Z";"2781";2541.580078125;2576.1298828125;2328.3100585938;2401.5400390625;1412359936;40618867059.5;"2018-01-15T23:59:59.999Z"
"2018-01-14T00:00:00.000Z";"2018-01-14T23:59:59.999Z";"2018-01-14T01:04:13.000Z";"2018-01-14T15:44:13.000Z";"2781";2687.1000976563;2746.6101074219;2490.0400390625;2553.3200683594;993310016;43182003172;"2018-01-14T23:59:59.999Z"
"2018-01-13T00:00:00.000Z";"2018-01-13T23:59:59.999Z";"2018-01-13T14:09:12.000Z";"2018-01-13T03:34:12.000Z";"2781";2617.6599121094;2850.2700195313;2589.0300292969;2685.2900390625;1218569984;45408790958;"2018-01-13T23:59:59.999Z"
"2018-01-12T00:00:00.000Z";"2018-01-12T23:59:59.999Z";"2018-01-12T15:19:13.000Z";"2018-01-12T00:39:13.000Z";"2781";2475.8999023438;2648.2299804688;2413.330078125;2620.9899902344;1110220032;44316550741.8;"2018-01-12T23:59:59.999Z"
"2018-01-11T00:00:00.000Z";"2018-01-11T23:59:59.999Z";"2018-01-11T00:24:12.000Z";"2018-01-11T04:34:13.000Z";"2781";2891.5500488281;2976.4899902344;2396.8400878906;2462.6101074219;1947949952;41634454573.9;"2018-01-11T23:59:59.999Z"
"2018-01-10T00:00:00.000Z";"2018-01-10T23:59:59.999Z";"2018-01-10T23:34:12.000Z";"2018-01-10T00:34:12.000Z";"2781";2390.0200195313;2961.1999511719;2332.4799804688;2895.3798828125;2578810112;48945566478.2;"2018-01-10T23:59:59.999Z"
"2018-01-09T00:00:00.000Z";"2018-01-09T23:59:59.999Z";"2018-01-09T09:54:12.000Z";"2018-01-09T14:04:13.000Z";"2781";2412.3601074219;2502.8701171875;2346.6799316406;2391.5600585938;1084749952;40423910895.5;"2018-01-09T23:59:59.999Z"
"2018-01-08T00:00:00.000Z";"2018-01-08T23:59:59.999Z";"2018-01-08T03:14:12.000Z";"2018-01-08T15:14:13.000Z";"2781";2786.6000976563;2810.3200683594;2275.0700683594;2421.4699707031;1428899968;40924901249.5;"2018-01-08T23:59:59.999Z"
"2018-01-07T00:00:00.000Z";"2018-01-07T23:59:59.999Z";"2018-01-07T06:54:12.000Z";"2018-01-07T04:14:12.000Z";"2781";2784.6799316406;3071.1599121094;2730.3100585938;2786.8798828125;1444780032;47096251512;"2018-01-07T23:59:59.999Z"
"2018-01-06T00:00:00.000Z";"2018-01-06T23:59:59.999Z";"2018-01-06T16:29:13.000Z";"2018-01-06T04:04:12.000Z";"2781";2583.7099609375;2829.6899414063;2481.3601074219;2786.6499023438;1669159936;47087244209.4;"2018-01-06T23:59:59.999Z"
"2018-01-05T00:00:00.000Z";"2018-01-05T23:59:59.999Z";"2018-01-05T15:09:12.000Z";"2018-01-05T05:44:12.000Z";"2781";2400.7399902344;2648.3200683594;2370.5900878906;2584.4799804688;2115709952;43666146452;"2018-01-05T23:59:59.999Z"
"2018-01-04T00:00:00.000Z";"2018-01-04T23:59:59.999Z";"2018-01-04T00:09:12.000Z";"2018-01-04T09:09:12.000Z";"2781";2608.8701171875;2610.1999511719;2359.3000488281;2430.1799316406;5377260032;41055035638.5;"2018-01-04T23:59:59.999Z"
"2018-01-03T00:00:00.000Z";"2018-01-03T23:59:59.999Z";"2018-01-03T06:19:11.000Z";"2018-01-03T23:09:12.000Z";"2781";2700.5500488281;2958.4699707031;2592.5600585938;2608.6899414063;4688840192;44066024088.6;"2018-01-03T23:59:59.999Z"
"2018-01-02T00:00:00.000Z";"2018-01-02T23:59:59.999Z";"2018-01-02T17:09:13.000Z";"2018-01-02T00:04:12.000Z";"2781";2434.5;2867.1398925781;2434.5;2711;1831229952;45789806625;"2018-01-02T23:59:59.999Z"
"2018-01-01T00:00:00.000Z";"2018-01-01T23:59:59.999Z";"2018-01-01T07:09:15.000Z";"2018-01-01T14:19:17.000Z";"2781";2534.8200683594;2534.8601074219;2389.5200195313;2432.5400390625;922812992;41081678129.2;"2018-01-01T23:59:59.999Z"