timeOpen;timeClose;timeHigh;timeLow;name;open;high;low;close;volume;marketCap;circulatingSupply;timestamp
"2026-04-29T00:00:00.000Z;""2026-04-29T23:59:59.999Z"";""2026-04-29T10:31:00.000Z"";""2026-04-29T18:11:00.000Z"";""2781"";76350.6877710365;77884.9716567078;74958.5697831686;75776.1365543869;41460907886.31;1517269806344.4;20022396;""2026-04-29T23:59:59.999Z"""
"2026-04-28T00:00:00.000Z;""2026-04-28T23:59:59.999Z"";""2026-04-28T00:43:00.000Z"";""2026-04-28T14:42:00.000Z"";""2781"";77368.1193609032;77483.867714646;75673.6023684618;76350.6738565676;32056900879.9;1528700113061.53;20022087;""2026-04-28T23:59:59.999Z"""
"2026-04-27T00:00:00.000Z;""2026-04-27T23:59:59.999Z"";""2026-04-27T01:02:00.000Z"";""2026-04-27T19:31:00.000Z"";""2781"";78661.0146171057;79488.1719641042;76481.3413991915;77366.6234255091;38135631927.38;1549038335419.66;20021662;""2026-04-27T23:59:59.999Z"""
"2026-04-26T00:00:00.000Z;""2026-04-26T23:59:59.999Z"";""2026-04-26T21:56:00.000Z"";""2026-04-26T03:38:00.000Z"";""2781"";77613.1194770123;78923.5629659828;77334.8885586006;78657.5394229309;21482934749.76;1574890108360.41;20021228;""2026-04-26T23:59:59.999Z"""
"2026-04-25T00:00:00.000Z;""2026-04-25T23:59:59.999Z"";""2026-04-25T10:35:00.000Z"";""2026-04-25T16:39:00.000Z"";""2781"";77457.2140695244;77882.6422881316;77184.6619747726;77612.0178747246;16702933134.07;1553873094608.76;20020753;""2026-04-25T23:59:59.999Z"""
"2026-04-24T00:00:00.000Z;""2026-04-24T23:59:59.999Z"";""2026-04-24T02:04:00.000Z"";""2026-04-24T22:40:00.000Z"";""2781"";78263.8237732247;78554.0949333971;77318.446411886;77455.3156179439;32784213526.2;1550717824694.32;20020315;""2026-04-24T23:59:59.999Z"""
"2026-04-23T00:00:00.000Z;""2026-04-23T23:59:59.999Z"";""2026-04-23T15:25:00.000Z"";""2026-04-23T17:48:00.000Z"";""2781"";78203.8731861629;78676.9390812129;77014.4525079851;78268.9541080163;40354900915.57;1566830481949.34;20019856;""2026-04-23T23:59:59.999Z"""
"2026-04-22T00:00:00.000Z;""2026-04-22T23:59:59.999Z"";""2026-04-22T16:06:00.000Z"";""2026-04-22T01:31:00.000Z"";""2781"";76354.21533438;79468.0022571901;76159.578471048;78203.0998567642;48336654536.69;1565601891823.28;20019493;""2026-04-22T23:59:59.999Z"""
"2026-04-21T00:00:00.000Z;""2026-04-21T23:59:59.999Z"";""2026-04-21T08:49:00.000Z"";""2026-04-21T19:45:00.000Z"";""2781"";75872.8310534422;76881.4801088633;74852.6686288004;76352.7769427102;36453522626.26;1528539541677.66;20019059;""2026-04-21T23:59:59.999Z"""
"2026-04-20T00:00:00.000Z;""2026-04-20T23:59:59.999Z"";""2026-04-20T20:22:00.000Z"";""2026-04-20T00:01:00.000Z"";""2781"";73854.2464044025;76575.3577810419;73775.570201968;75872.5247841284;39674447916.2;1518872332223.47;20018659;""2026-04-20T23:59:59.999Z"""
"2026-04-19T00:00:00.000Z;""2026-04-19T23:59:59.999Z"";""2026-04-19T13:24:00.000Z"";""2026-04-19T22:25:00.000Z"";""2781"";75723.6947423149;76243.0898668773;73802.3849900433;73856.3547881724;30931515195.08;1478432251105.21;20018243;""2026-04-19T23:59:59.999Z"""
"2026-04-18T00:00:00.000Z;""2026-04-18T23:59:59.999Z"";""2026-04-18T02:24:00.000Z"";""2026-04-18T18:43:00.000Z"";""2781"";77136.047279629;77416.7059323005;75504.9423654053;75726.2075561642;26014416775.59;1515817233191.03;20017740;""2026-04-18T23:59:59.999Z"""
"2026-04-17T00:00:00.000Z;""2026-04-17T23:59:59.999Z"";""2026-04-17T16:24:00.000Z"";""2026-04-17T02:31:00.000Z"";""2781"";75164.0427318228;78320.6779221093;74558.5996906887;77126.8785598601;54137194838.51;1544052930857.01;20017268;""2026-04-17T23:59:59.999Z"""
"2026-04-16T00:00:00.000Z;""2026-04-16T23:59:59.999Z"";""2026-04-16T20:01:00.000Z"";""2026-04-16T13:56:00.000Z"";""2781"";74810.8745639375;75506.572001178;73346.2632492192;75152.1293763418;41312783854.71;1504546166131.81;20016834;""2026-04-16T23:59:59.999Z"""
"2026-04-15T00:00:00.000Z;""2026-04-15T23:59:59.999Z"";""2026-04-15T22:40:00.000Z"";""2026-04-15T07:46:00.000Z"";""2781"";74182.0265029052;75409.2727483105;73549.2039919501;74805.075436482;38090174312.46;1497441322375.75;20016359;""2026-04-15T23:59:59.999Z"""
"2026-04-14T00:00:00.000Z;""2026-04-14T23:59:59.999Z"";""2026-04-14T14:33:00.000Z"";""2026-04-14T18:51:00.000Z"";""2781"";74478.4017119762;76061.7584050303;73877.2037211508;74181.6116510095;53540826529.91;1484822769014.49;20015937;""2026-04-14T23:59:59.999Z"""
"2026-04-13T00:00:00.000Z;""2026-04-13T23:59:59.999Z"";""2026-04-13T23:31:00.000Z"";""2026-04-13T08:47:00.000Z"";""2781"";70757.6192235042;74896.3145800265;70588.5228261962;74484.6377504138;52278211554.42;1490719619286.8;20015462;""2026-04-13T23:59:59.999Z"""
"2026-04-12T00:00:00.000Z;""2026-04-12T23:59:59.999Z"";""2026-04-12T01:04:00.000Z"";""2026-04-12T22:31:00.000Z"";""2781"";73056.0495870768;73154.0307462684;70540.5683837987;70753.4083340869;29882740487.02;1416213041182.25;20014990;""2026-04-12T23:59:59.999Z"""
"2026-04-11T00:00:00.000Z;""2026-04-11T23:59:59.999Z"";""2026-04-11T19:06:00.000Z"";""2026-04-11T13:12:00.000Z"";""2781"";72976.1235490237;73784.232471385;72556.3353290528;73054.2696888107;23287073964.72;1462182130861.79;20014525;""2026-04-11T23:59:59.999Z"""
"2026-04-10T00:00:00.000Z;""2026-04-10T23:59:59.999Z"";""2026-04-10T20:32:00.000Z"";""2026-04-10T08:05:00.000Z"";""2781"";71774.3673421088;73440.1136767158;71434.8258341856;72979.0503270674;37722595731.55;1460552966821.12;20014121;""2026-04-10T23:59:59.999Z"""
"2026-04-09T00:00:00.000Z;""2026-04-09T23:59:59.999Z"";""2026-04-09T22:18:00.000Z"";""2026-04-09T01:10:00.000Z"";""2781"";71120.5710005381;73107.267057311;70486.3599945852;71767.8251278026;38799581473.13;1436472162936.48;20013721;""2026-04-09T23:59:59.999Z"""
"2026-04-08T00:00:00.000Z;""2026-04-08T23:59:59.999Z"";""2026-04-08T13:19:00.000Z"";""2026-04-08T14:57:00.000Z"";""2781"";71950.1499174396;72825.1868213183;70707.4679152796;71123.3584710525;42444631703.43;1423355261108.52;20013271;""2026-04-08T23:59:59.999Z"""
"2026-04-07T00:00:00.000Z;""2026-04-07T23:59:59.999Z"";""2026-04-07T23:31:00.000Z"";""2026-04-07T15:08:00.000Z"";""2781"";68859.3766611885;72732.4295111994;67740.509420096;71940.7012947185;44650511480.43;1439925471220.89;20012821;""2026-04-07T23:59:59.999Z"""
"2026-04-06T00:00:00.000Z;""2026-04-06T23:59:59.999Z"";""2026-04-06T16:49:00.000Z"";""2026-04-06T23:08:00.000Z"";""2781"";68982.913469167;70305.4196705928;68347.0796078277;68859.8263950077;39542143228.74;1378040287744.35;20012384;""2026-04-06T23:59:59.999Z"""
"2026-04-05T00:00:00.000Z;""2026-04-05T23:59:59.999Z"";""2026-04-05T23:38:00.000Z"";""2026-04-05T06:18:00.000Z"";""2781"";67291.1954121127;69087.6560235339;66610.6352570417;68981.9007921881;22972648674.04;1380484960618.36;20011984;""2026-04-05T23:59:59.999Z"""
"2026-04-04T00:00:00.000Z;""2026-04-04T23:59:59.999Z"";""2026-04-04T19:16:00.000Z"";""2026-04-04T04:18:00.000Z"";""2781"";66938.6477110285;67515.0175187123;66769.6383776165;67290.5181488701;15878814963.14;1346597084077.54;20011490;""2026-04-04T23:59:59.999Z"""
"2026-04-03T00:00:00.000Z;""2026-04-03T23:59:59.999Z"";""2026-04-03T12:31:00.000Z"";""2026-04-03T02:43:00.000Z"";""2781"";66889.0123701346;67296.2321437084;66281.5413708288;66931.099247444;22815543346.49;1339517178105.83;20011118;""2026-04-03T23:59:59.999Z"""
"2026-04-02T00:00:00.000Z;""2026-04-02T23:59:59.999Z"";""2026-04-02T00:59:00.000Z"";""2026-04-02T13:36:00.000Z"";""2781"";68077.9004333994;68633.1476005835;65725.2568497465;66888.5721018824;39323384518;1338495290944.93;20010690;""2026-04-02T23:59:59.999Z"""
"2026-04-01T00:00:00.000Z;""2026-04-01T23:59:59.999Z"";""2026-04-01T07:11:00.000Z"";""2026-04-01T02:36:00.000Z"";""2781"";68232.8906602461;69230.3563256967;67555.3580158907;68078.5531589104;36465393616.75;1362256215614.84;20010256;""2026-04-01T23:59:59.999Z"""
"2026-03-31T00:00:00.000Z;""2026-03-31T23:59:59.999Z"";""2026-03-31T17:16:00.000Z"";""2026-03-31T09:58:00.000Z"";""2781"";66694.5868974747;68495.2715329758;65950.4397363917;68233.3155611907;42997691338.41;1365322810957.3;20009746;""2026-03-31T23:59:59.999Z"""
"2026-03-30T00:00:00.000Z;""2026-03-30T23:59:59.999Z"";""2026-03-30T13:23:00.000Z"";""2026-03-30T00:18:00.000Z"";""2781"";65958.3495258423;68087.2915838648;65759.8018473819;66691.4425240951;37694994180.04;1334512797942.69;20009312;""2026-03-30T23:59:59.999Z"""
"2026-03-29T00:00:00.000Z;""2026-03-29T23:59:59.999Z"";""2026-03-29T03:17:00.000Z"";""2026-03-29T22:51:00.000Z"";""2781"";66319.6918007053;67052.9542472237;64971.706029593;65954.9192574161;21645889784.82;1319754811327.83;20008912;""2026-03-29T23:59:59.999Z"""
"2026-03-28T00:00:00.000Z;""2026-03-28T23:59:59.999Z"";""2026-03-28T15:25:00.000Z"";""2026-03-28T02:31:00.000Z"";""2781"";66338.5005199611;67232.8580364171;65906.745704211;66319.6974511113;20924883455.2;1326953773171.98;20008443;""2026-03-28T23:59:59.999Z"""
"2026-03-27T00:00:00.000Z;""2026-03-27T23:59:59.999Z"";""2026-03-27T02:12:00.000Z"";""2026-03-27T18:25:00.000Z"";""2781"";68790.8348046103;69117.5309967598;65532.5691132184;66338.3712323883;46483453593.58;1327145021942.67;20005653;""2026-03-27T23:59:59.999Z"""
"2026-03-26T00:00:00.000Z;""2026-03-26T23:59:59.999Z"";""2026-03-26T00:50:00.000Z"";""2026-03-26T18:28:00.000Z"";""2781"";71310.1161640354;71410.3921155481;68118.3491384535;68791.6225102162;38962070215.3;1376026026602.52;20003043;""2026-03-26T23:59:59.999Z"""
"2026-03-25T00:00:00.000Z;""2026-03-25T23:59:59.999Z"";""2026-03-25T11:36:00.000Z"";""2026-03-25T03:17:00.000Z"";""2781"";70520.0479740438;71985.7443400234;70383.5970555375;71309.8802324984;35409791746.81;1426419319964.2;20003043;""2026-03-25T23:59:59.999Z"""
"2026-03-24T00:00:00.000Z;""2026-03-24T23:59:59.999Z"";""2026-03-24T08:00:00.000Z"";""2026-03-24T17:46:00.000Z"";""2781"";70912.6724228729;71371.3022191824;68920.6944215992;70517.8595482218;40181522399.46;1410615551986.87;20003043;""2026-03-24T23:59:59.999Z"""
"2026-03-23T00:00:00.000Z;""2026-03-23T23:59:59.999Z"";""2026-03-23T14:11:00.000Z"";""2026-03-23T00:42:00.000Z"";""2781"";67842.9965276703;71782.2571259657;67458.8453257102;70914.8629915279;51508669356.51;1418469235719.65;20003043;""2026-03-23T23:59:59.999Z"""
"2026-03-22T00:00:00.000Z;""2026-03-22T23:59:59.999Z"";""2026-03-22T03:37:00.000Z"";""2026-03-22T21:21:00.000Z"";""2781"";68737.4490684485;69561.776956947;67372.8737891374;67845.2139798662;30108051508.4;1357066376791.85;20003043;""2026-03-22T23:59:59.999Z"""
"2026-03-21T00:00:00.000Z;""2026-03-21T23:59:59.999Z"";""2026-03-21T14:13:00.000Z"";""2026-03-21T23:59:00.000Z"";""2781"";70522.4693606722;71051.2704293867;68602.9160106586;68711.5271735613;21109354717.61;1374958149426.49;20003043;""2026-03-21T23:59:59.999Z"""
"2026-03-20T00:00:00.000Z;""2026-03-20T23:59:59.999Z"";""2026-03-20T08:13:00.000Z"";""2026-03-20T17:38:00.000Z"";""2781"";69911.5281250733;71346.7983068919;69398.8832141247;70522.5839539436;38299078407.33;1410663987087.71;20003043;""2026-03-20T23:59:59.999Z"""
"2026-03-19T00:00:00.000Z;""2026-03-19T23:59:59.999Z"";""2026-03-19T03:20:00.000Z"";""2026-03-19T15:47:00.000Z"";""2781"";71250.3511959189;71598.847301536;68805.5247229895;69912.787776857;44631433398.47;1398443303281.55;20003043;""2026-03-19T23:59:59.999Z"""
"2026-03-18T00:00:00.000Z;""2026-03-18T23:59:59.999Z"";""2026-03-18T03:37:00.000Z"";""2026-03-18T20:12:00.000Z"";""2781"";73936.8505924493;74658.9789664408;70503.8568323131;71245.5785428252;46229011154.73;1425223838737.07;20003043;""2026-03-18T23:59:59.999Z"""
"2026-03-17T00:00:00.000Z;""2026-03-17T23:59:59.999Z"";""2026-03-17T01:36:00.000Z"";""2026-03-17T13:53:00.000Z"";""2781"";74855.2955507071;75988.4005176101;73444.2277093054;73922.4740106774;49500721728.03;1478962001685.34;20003043;""2026-03-17T23:59:59.999Z"""
"2026-03-16T00:00:00.000Z;""2026-03-16T23:59:59.999Z"";""2026-03-16T23:47:00.000Z"";""2026-03-16T01:15:00.000Z"";""2781"";72798.1698747055;74901.8576682633;72300.6292224037;74861.0836737225;55572438409.41;1497326210148.95;20002943;""2026-03-16T23:59:59.999Z"""
"2026-03-15T00:00:00.000Z;""2026-03-15T23:59:59.999Z"";""2026-03-15T23:07:00.000Z"";""2026-03-15T01:35:00.000Z"";""2781"";71213.6794011217;73173.0060792367;70882.4185598605;72789.9172674119;27991268669.37;1456148741634.62;20002546;""2026-03-15T23:59:59.999Z"""
"2026-03-14T00:00:00.000Z;""2026-03-14T23:59:59.999Z"";""2026-03-14T04:51:00.000Z"";""2026-03-14T06:41:00.000Z"";""2781"";70965.3789882462;71291.2049812356;70339.5892291591;71214.6282085293;22283546496.27;1424426412578.43;20002146;""2026-03-14T23:59:59.999Z"""
"2026-03-13T00:00:00.000Z;""2026-03-13T23:59:59.999Z"";""2026-03-13T14:34:00.000Z"";""2026-03-13T00:03:00.000Z"";""2781"";70497.0471723317;73927.3249086237;70410.7245334026;70968.2676726541;61167226504.68;1419433046554.98;20001768;""2026-03-13T23:59:59.999Z"""
"2026-03-12T00:00:00.000Z;""2026-03-12T23:59:59.999Z"";""2026-03-12T11:46:00.000Z"";""2026-03-12T05:28:00.000Z"";""2781"";70209.7652235183;70775.8287693097;69230.1524009183;70493.4585812722;40871848129.31;1410037876886.5;20001375;""2026-03-12T23:59:59.999Z"""
"2026-03-11T00:00:00.000Z;""2026-03-11T23:59:59.999Z"";""2026-03-11T17:32:00.000Z"";""2026-03-11T12:10:00.000Z"";""2781"";69931.2534263024;71337.6637241973;68998.8705075505;70204.8841361708;45236859848.17;1404263969620.76;20000978;""2026-03-11T23:59:59.999Z"""
"2026-03-10T00:00:00.000Z;""2026-03-10T23:59:59.999Z"";""2026-03-10T15:06:00.000Z"";""2026-03-10T00:00:00.000Z"";""2781"";68402.7164375316;71770.8954640323;68402.7164375316;69926.9181569877;54003996095.67;1398663250990.42;20000546;""2026-03-10T23:59:59.999Z"""
"2026-03-09T00:00:00.000Z;""2026-03-09T23:59:59.999Z"";""2026-03-09T19:31:00.000Z"";""2026-03-09T00:26:00.000Z"";""2781"";65969.5834912067;69474.9489251105;65858.0111034878;68402.3866936191;49499875377.98;1368062400271.18;20000118;""2026-03-09T23:59:59.999Z"""
"2026-03-08T00:00:00.000Z;""2026-03-08T23:59:59.999Z"";""2026-03-08T10:27:00.000Z"";""2026-03-08T22:25:00.000Z"";""2781"";67272.5036271782;68177.790277784;65639.1978616078;65969.7808015529;33195080115.6;1319371219253.26;19999690;""2026-03-08T23:59:59.999Z"""
"2026-03-07T00:00:00.000Z;""2026-03-07T23:59:59.999Z"";""2026-03-07T03:15:00.000Z"";""2026-03-07T19:56:00.000Z"";""2781"";68136.6861798303;68515.1634833052;66969.2588715595;67272.5972942951;23258701211.49;1345400829070.91;19999268;""2026-03-07T23:59:59.999Z"""
"2026-03-06T00:00:00.000Z;""2026-03-06T23:59:59.999Z"";""2026-03-06T02:27:00.000Z"";""2026-03-06T17:43:00.000Z"";""2781"";70842.1556978913;71378.566540737;67757.8198700034;68136.492279115;43776962871.05;1362653662990.35;19998825;""2026-03-06T23:59:59.999Z"""
"2026-03-05T00:00:00.000Z;""2026-03-05T23:59:59.999Z"";""2026-03-05T10:56:00.000Z"";""2026-03-05T17:52:00.000Z"";""2781"";72712.6575452554;73555.7919930164;70654.8840732924;70841.1280700745;51172841726.65;1416728207981.29;19998378;""2026-03-05T23:59:59.999Z"""
"2026-03-04T00:00:00.000Z;""2026-03-04T23:59:59.999Z"";""2026-03-04T19:22:00.000Z"";""2026-03-04T03:36:00.000Z"";""2781"";68290.5635829721;74051.8082070944;67437.4059897299;72710.5806779085;75073101273.7;1453248118165.79;19997875;""2026-03-04T23:59:59.999Z"""
"2026-03-03T00:00:00.000Z;""2026-03-03T23:59:59.999Z"";""2026-03-03T01:13:00.000Z"";""2026-03-03T14:50:00.000Z"";""2781"";68785.0748091642;69232.8890975126;66237.6145985412;68293.6491536677;47947999048.51;1365637950209.07;19997462;""2026-03-03T23:59:59.999Z"""
"2026-03-02T00:00:00.000Z;""2026-03-02T23:59:59.999Z"";""2026-03-02T16:48:00.000Z"";""2026-03-02T14:05:00.000Z"";""2781"";65734.0812948385;70044.0003200742;65303.1357932196;68775.8477373562;56698092052.41;1375498098717.08;19997043;""2026-03-02T23:59:59.999Z"""
"2026-03-01T00:00:00.000Z;""2026-03-01T23:59:59.999Z"";""2026-03-01T02:05:00.000Z"";""2026-03-01T22:50:00.000Z"";""2781"";67005.886412364;68162.8200486684;65076.7285555497;65738.0982073395;40733141928.58;1314459510436.08;19996621;""2026-03-01T23:59:59.999Z"""
"2026-02-28T00:00:00.000Z;""2026-02-28T23:59:59.999Z"";""2026-02-28T22:38:00.000Z"";""2026-02-28T06:59:00.000Z"";""2781"";65878.9276730003;67714.5260960398;63062.2173780542;66995.861324432;42041497112.34;1339860961690.55;19996168;""2026-02-28T23:59:59.999Z"""
"2026-02-27T00:00:00.000Z;""2026-02-27T23:59:59.999Z"";""2026-02-27T04:18:00.000Z"";""2026-02-27T22:36:00.000Z"";""2781"";67456.516766626;68220.408048306;64946.0367495046;65881.7951254048;40283655942.19;1317296459891.72;19995718;""2026-02-27T23:59:59.999Z"""
"2026-02-26T00:00:00.000Z;""2026-02-26T23:59:59.999Z"";""2026-02-26T04:42:00.000Z"";""2026-02-26T16:59:00.000Z"";""2781"";67954.8663047191;68843.3545642011;66523.7362096383;67453.7700401601;42988597522.92;1348810726356.08;19995262;""2026-02-26T23:59:59.999Z"""
"2026-02-25T00:00:00.000Z;""2026-02-25T23:59:59.999Z"";""2026-02-25T21:38:00.000Z"";""2026-02-25T00:16:00.000Z"";""2781"";64077.7696849811;69953.5338360935;63942.4858061611;67960.1232418947;53629234354.54;1358746067390.46;19994831;""2026-02-25T23:59:59.999Z"""
"2026-02-24T00:00:00.000Z;""2026-02-24T23:59:59.999Z"";""2026-02-24T00:22:00.000Z"";""2026-02-24T13:34:00.000Z"";""2781"";64616.0174077836;64992.158178515;62553.1875018108;64080.0418035982;40849331086.22;1281192136823.28;19994331;""2026-02-24T23:59:59.999Z"""
"2026-02-23T00:00:00.000Z;""2026-02-23T23:59:59.999Z"";""2026-02-23T00:00:00.000Z"";""2026-02-23T20:18:00.000Z"";""2781"";67668.4285415465;67668.4285415465;63924.438452841;64616.736397469;50953457309.11;1291922313488.45;19993840;""2026-02-23T23:59:59.999Z"""
"2026-02-22T00:00:00.000Z;""2026-02-22T23:59:59.999Z"";""2026-02-22T11:18:00.000Z"";""2026-02-22T17:38:00.000Z"";""2781"";67998.8246422127;68235.2276339957;67185.6011646553;67659.3914303005;17893536012.27;1352919184796.99;19993359;""2026-02-22T23:59:59.999Z"""
"2026-02-21T00:00:00.000Z;""2026-02-21T23:59:59.999Z"";""2026-02-21T15:44:00.000Z"";""2026-02-21T03:43:00.000Z"";""2781"";68000.2464864056;68657.699255411;67533.0679683961;68003.7645025963;18357635642.07;1359490709241.01;19992856;""2026-02-21T23:59:59.999Z"""
"2026-02-20T00:00:00.000Z;""2026-02-20T23:59:59.999Z"";""2026-02-20T10:09:00.000Z"";""2026-02-20T13:42:00.000Z"";""2781"";66958.5754922478;68269.0289815876;66452.4827847238;68005.4206417909;47507867303.75;1359494043876.27;19992487;""2026-02-20T23:59:59.999Z"""
"2026-02-19T00:00:00.000Z;""2026-02-19T23:59:59.999Z"";""2026-02-19T07:39:00.000Z"";""2026-02-19T14:37:00.000Z"";""2781"";66425.6254509916;67277.1222857784;65637.4266190222;66957.5238614016;31492987019.05;1338639992672.7;19992062;""2026-02-19T23:59:59.999Z"""
"2026-02-18T00:00:00.000Z;""2026-02-18T23:59:59.999Z"";""2026-02-18T08:27:00.000Z"";""2026-02-18T19:40:00.000Z"";""2781"";67488.0222568311;68434.4329911207;65845.900904638;66425.3236355285;33094301642.96;1327949751121.02;19991528;""2026-02-18T23:59:59.999Z"""
"2026-02-17T00:00:00.000Z;""2026-02-17T23:59:59.999Z"";""2026-02-17T02:14:00.000Z"";""2026-02-17T15:34:00.000Z"";""2781"";68843.0900034274;69201.8669418505;66615.2836221301;67494.215250601;34866936040.44;1349156427337.43;19991050;""2026-02-17T23:59:59.999Z"""
"2026-02-16T00:00:00.000Z;""2026-02-16T23:59:59.999Z"";""2026-02-16T13:04:00.000Z"";""2026-02-16T15:43:00.000Z"";""2781"";68782.3993301329;70067.2360207877;67301.5846114684;68843.15353358;33618145425.51;1376210750966.39;19990543;""2026-02-16T23:59:59.999Z"""
"2026-02-15T00:00:00.000Z;""2026-02-15T23:59:59.999Z"";""2026-02-15T08:08:00.000Z"";""2026-02-15T19:07:00.000Z"";""2781"";69764.9541602236;70939.2914724419;68052.548928949;68788.1898191779;40191152749.94;1374960987998.15;19990012;""2026-02-15T23:59:59.999Z"""
"2026-02-14T00:00:00.000Z;""2026-02-14T23:59:59.999Z"";""2026-02-14T12:01:00.000Z"";""2026-02-14T06:12:00.000Z"";""2781"";68856.9855452503;70481.16134974;68706.6140504434;69767.6234259232;36012397644.78;1394559086335.7;19989393;""2026-02-14T23:59:59.999Z"""
"2026-02-13T00:00:00.000Z;""2026-02-13T23:59:59.999Z"";""2026-02-13T16:34:00.000Z"";""2026-02-13T00:52:00.000Z"";""2781"";66213.3786265937;69382.8346322514;65835.780179716;68857.8425138653;40820775886.43;1376373401512.88;19988871;""2026-02-13T23:59:59.999Z"""
"2026-02-12T00:00:00.000Z;""2026-02-12T23:59:59.999Z"";""2026-02-12T14:01:00.000Z"";""2026-02-12T18:33:00.000Z"";""2781"";66992.191832495;68339.4923005348;65092.1080095947;66221.8448418533;44651071271.06;1323498239285.62;19988381;""2026-02-12T23:59:59.999Z"""
"2026-02-11T00:00:00.000Z;""2026-02-11T23:59:59.999Z"";""2026-02-11T01:03:00.000Z"";""2026-02-11T15:15:00.000Z"";""2781"";68791.8622310705;69242.6802163721;65757.3010551636;66991.9709067286;49671946030.32;1339030082495.72;19987853;""2026-02-11T23:59:59.999Z"""
"2026-02-10T00:00:00.000Z;""2026-02-10T23:59:59.999Z"";""2026-02-10T01:40:00.000Z"";""2026-02-10T14:48:00.000Z"";""2781"";70137.3882947366;70464.2690982709;67913.0900585828;68793.9599044157;40593063076.57;1374968059442.13;19987365;""2026-02-10T23:59:59.999Z"""
"2026-02-09T00:00:00.000Z;""2026-02-09T23:59:59.999Z"";""2026-02-09T03:57:00.000Z"";""2026-02-09T14:14:00.000Z"";""2781"";70243.3307083525;71369.9722189747;68291.0277801317;70120.7809893855;52081598791.71;1401829597344.57;19986909;""2026-02-09T23:59:59.999Z"""
"2026-02-08T00:00:00.000Z;""2026-02-08T23:59:59.999Z"";""2026-02-08T23:08:00.000Z"";""2026-02-08T00:44:00.000Z"";""2781"";69283.7290407477;72206.9088849732;68852.9022880127;70264.7247194654;39721722619.01;1403911304869.42;19986400;""2026-02-08T23:59:59.999Z"""
"2026-02-07T00:00:00.000Z;""2026-02-07T23:59:59.999Z"";""2026-02-07T04:24:00.000Z"";""2026-02-07T07:19:00.000Z"";""2781"";70553.7953203657;71611.1519075602;67364.4429128434;69281.9723446619;62347107662.58;1384695255304.97;19985865;""2026-02-07T23:59:59.999Z"""
"2026-02-06T00:00:00.000Z;""2026-02-06T23:59:59.999Z"";""2026-02-06T23:07:00.000Z"";""2026-02-06T00:20:00.000Z"";""2781"";62704.4515290847;71681.3078041433;60074.2030063429;70555.387263718;114674259489.47;1410041587767.92;19985340;""2026-02-06T23:59:59.999Z"""
"2026-02-05T00:00:00.000Z;""2026-02-05T23:59:59.999Z"";""2026-02-05T01:13:00.000Z"";""2026-02-05T20:56:00.000Z"";""2781"";73016.3728652496;73161.5548405606;62353.5353007511;62702.0977124692;125509410907.56;1253142757703.67;19984909;""2026-02-05T23:59:59.999Z"""
"2026-02-04T00:00:00.000Z;""2026-02-04T23:59:59.999Z"";""2026-02-04T03:42:00.000Z"";""2026-02-04T22:08:00.000Z"";""2781"";75640.0936248981;76864.6559497153;71779.9309766263;73019.6998019014;67215363944.09;1459728269502.68;19984512;""2026-02-04T23:59:59.999Z"""
"2026-02-03T00:00:00.000Z;""2026-02-03T23:59:59.999Z"";""2026-02-03T01:03:00.000Z"";""2026-02-03T19:03:00.000Z"";""2781"";78693.5093559109;79118.8480414987;72897.144447108;75633.549919753;68249110822.41;1511489970714.14;19982656;""2026-02-03T23:59:59.999Z"""
"2026-02-02T00:00:00.000Z;""2026-02-02T23:59:59.999Z"";""2026-02-02T15:41:00.000Z"";""2026-02-02T03:41:00.000Z"";""2781"";76968.872934252;79258.6084813787;74551.333199058;78688.7643380335;75140589683.9;1572505326891.95;19982656;""2026-02-02T23:59:59.999Z"""
"2026-02-01T00:00:00.000Z;""2026-02-01T23:59:59.999Z"";""2026-02-01T00:17:00.000Z"";""2026-02-01T23:10:00.000Z"";""2781"";78626.1269261602;79322.6125088066;75698.9012063642;76974.4429081583;53372509743.57;1538042510552.87;19982656;""2026-02-01T23:59:59.999Z"""
"2026-01-31T00:00:00.000Z;""2026-01-31T23:59:59.999Z"";""2026-01-31T00:42:00.000Z"";""2026-01-31T18:45:00.000Z"";""2781"";84126.4981544286;84136.9211808569;75815.8828432276;78621.1140275542;70479259159.27;1571158846977.8;19982656;""2026-01-31T23:59:59.999Z"""
"2026-01-30T00:00:00.000Z;""2026-01-30T23:59:59.999Z"";""2026-01-30T00:03:00.000Z"";""2026-01-30T02:32:00.000Z"";""2781"";84562.7280858359;84602.1634830313;81071.4728492098;84128.6587617199;72083816087.41;1681055646208.42;19982475;""2026-01-30T23:59:59.999Z"""
"2026-01-29T00:00:00.000Z;""2026-01-29T23:59:59.999Z"";""2026-01-29T00:01:00.000Z"";""2026-01-29T19:01:00.000Z"";""2781"";89169.8480217996;89200.784300334;83250.5982561558;84561.5848591429;64653083162.25;1689739535880.34;19982084;""2026-01-29T23:59:59.999Z"""
"2026-01-28T00:00:00.000Z;""2026-01-28T23:59:59.999Z"";""2026-01-28T17:55:00.000Z"";""2026-01-28T04:27:00.000Z"";""2781"";89104.0436738318;90439.288582632;88721.4612018488;89184.5704436379;39807419295.74;1781761763762.97;19981662;""2026-01-28T23:59:59.999Z"""
"2026-01-27T00:00:00.000Z;""2026-01-27T23:59:59.999Z"";""2026-01-27T23:39:00.000Z"";""2026-01-27T17:46:00.000Z"";""2781"";88257.4737515461;89427.1274043559;87228.9239717343;89102.5684965916;38744942267.49;1780416231732.73;19981318;""2026-01-27T23:59:59.999Z"""
"2026-01-26T00:00:00.000Z;""2026-01-26T23:59:59.999Z"";""2026-01-26T15:16:00.000Z"";""2026-01-26T00:48:00.000Z"";""2781"";86566.5229094044;88743.0696927182;86429.2927831311;88267.1367579689;45329286973.62;1763466493263.96;19980931;""2026-01-26T23:59:59.999Z"""
"2026-01-25T00:00:00.000Z;""2026-01-25T23:59:59.999Z"";""2026-01-25T01:02:00.000Z"";""2026-01-25T23:03:00.000Z"";""2781"";89104.7640142956;89193.1461526861;86003.7103774685;86572.2153402734;36124986722.45;1729646133351.84;19980543;""2026-01-25T23:59:59.999Z"""
"2026-01-24T00:00:00.000Z;""2026-01-24T23:59:59.999Z"";""2026-01-24T03:30:00.000Z"";""2026-01-24T16:49:00.000Z"";""2781"";89506.1518173328;89811.6129006708;89044.2909984175;89110.7376576631;14558687712.35;1780334302834.7;19980237;""2026-01-24T23:59:59.999Z"""
"2026-01-23T00:00:00.000Z;""2026-01-23T23:59:59.999Z"";""2026-01-23T17:38:00.000Z"";""2026-01-23T15:18:00.000Z"";""2781"";89462.0493789223;91100.2506118585;88486.3577037116;89503.8785126393;38997586037.34;1788323604670.52;19979896;""2026-01-23T23:59:59.999Z"""
"2026-01-22T00:00:00.000Z;""2026-01-22T23:59:59.999Z"";""2026-01-22T02:27:00.000Z"";""2026-01-22T15:34:00.000Z"";""2781"";89378.5246698353;90258.957465258;88438.4482348801;89462.4493131479;35549685694.39;1787402810849.86;19979453;""2026-01-22T23:59:59.999Z"""
"2026-01-21T00:00:00.000Z;""2026-01-21T23:59:59.999Z"";""2026-01-21T15:19:00.000Z"";""2026-01-21T17:15:00.000Z"";""2781"";88326.5090543075;90430.4067150431;87231.570695758;89376.9583295032;56330422433.73;1785689879859.13;19978959;""2026-01-21T23:59:59.999Z"""
"2026-01-20T00:00:00.000Z;""2026-01-20T23:59:59.999Z"";""2026-01-20T00:06:00.000Z"";""2026-01-20T23:19:00.000Z"";""2781"";92553.5991768048;92798.4278073488;87814.929823276;88310.9038954971;53072968030.62;1764636107425.99;19978556;""2026-01-20T23:59:59.999Z"""
"2026-01-19T00:00:00.000Z;""2026-01-19T23:59:59.999Z"";""2026-01-19T00:00:00.000Z"";""2026-01-19T00:04:00.000Z"";""2781"";93655.6728346166;93660.8291578172;92089.251309244;92553.5971366463;39195241508.14;1849045615035.72;19978106;""2026-01-19T23:59:59.999Z"""
"2026-01-18T00:00:00.000Z;""2026-01-18T23:59:59.999Z"";""2026-01-18T22:14:00.000Z"";""2026-01-18T23:59:00.000Z"";""2781"";95101.178945109;95491.5099594448;93588.8669845728;93634.431951609;20809781232.19;1871022219173.61;19977671;""2026-01-18T23:59:59.999Z"""
"2026-01-17T00:00:00.000Z;""2026-01-17T23:59:59.999Z"";""2026-01-17T15:08:00.000Z"";""2026-01-17T08:03:00.000Z"";""2781"";95525.1568434833;95598.4736798298;95005.6145499447;95099.922544084;16021715121.52;1899854321010.45;19977190;""2026-01-17T23:59:59.999Z"""
"2026-01-16T00:00:00.000Z;""2026-01-16T23:59:59.999Z"";""2026-01-16T08:32:00.000Z"";""2026-01-16T15:49:00.000Z"";""2781"";95554.0995606597;95801.8867509553;94259.2718235766;95525.1188411745;33248170537.31;1908282176973.06;19976750;""2026-01-16T23:59:59.999Z"""
"2026-01-15T00:00:00.000Z;""2026-01-15T23:59:59.999Z"";""2026-01-15T09:57:00.000Z"";""2026-01-15T20:35:00.000Z"";""2781"";96931.2913829732;97150.171716043;95103.2449543444;95551.1898553171;53086363026.8;1908822996745.49;19976359;""2026-01-15T23:59:59.999Z"""
"2026-01-14T00:00:00.000Z;""2026-01-14T23:59:59.999Z"";""2026-01-14T20:13:00.000Z"";""2026-01-14T06:37:00.000Z"";""2781"";95322.9086078196;97860.6038029774;94583.0494438716;96929.3308783032;60592490862.71;1936292206819.42;19975925;""2026-01-14T23:59:59.999Z"""
"2026-01-13T00:00:00.000Z;""2026-01-13T23:59:59.999Z"";""2026-01-13T23:02:00.000Z"";""2026-01-13T01:44:00.000Z"";""2781"";91185.3387661828;96011.6214774372;90941.926558359;95321.7795050452;54980674354.18;1904126001874.4;19975534;""2026-01-13T23:59:59.999Z"""
"2026-01-12T00:00:00.000Z;""2026-01-12T23:59:59.999Z"";""2026-01-12T03:24:00.000Z"";""2026-01-12T14:26:00.000Z"";""2781"";90825.8560825378;92395.525361877;90055.0223259572;91192.9894913558;41346275357.57;1821437354612.45;19975112;""2026-01-12T23:59:59.999Z"""
"2026-01-11T00:00:00.000Z;""2026-01-11T23:59:59.999Z"";""2026-01-11T16:33:00.000Z"";""2026-01-11T23:06:00.000Z"";""2781"";90385.3574691509;91155.2284170037;90212.0208882047;90827.4598333957;17165568976.92;1814215503631.77;19974659;""2026-01-11T23:59:59.999Z"""
"2026-01-10T00:00:00.000Z;""2026-01-10T23:59:59.999Z"";""2026-01-10T10:43:00.000Z"";""2026-01-10T22:14:00.000Z"";""2781"";90510.1026034745;90713.0304695476;90283.4003893374;90386.6511241427;12385895281.94;1805381986062.13;19974275;""2026-01-10T23:59:59.999Z"""
"2026-01-09T00:00:00.000Z;""2026-01-09T23:59:59.999Z"";""2026-01-09T15:36:00.000Z"";""2026-01-09T08:55:00.000Z"";""2781"";91026.2755190154;91910.6700274224;89625.379638046;90513.0981512178;38305906684.08;1807829782280.26;19973790;""2026-01-09T23:59:59.999Z"""
"2026-01-08T00:00:00.000Z;""2026-01-08T23:59:59.999Z"";""2026-01-08T01:30:00.000Z"";""2026-01-08T14:46:00.000Z"";""2781"";91309.641805357;91485.8481806437;89233.8762529428;91027.1267268199;42386697029.65;1818099933216.56;19973353;""2026-01-08T23:59:59.999Z"""
"2026-01-07T00:00:00.000Z;""2026-01-07T23:59:59.999Z"";""2026-01-07T00:00:00.000Z"";""2026-01-07T19:18:00.000Z"";""2781"";93727.4683756221;93738.791670244;90601.8051541101;91308.0547191089;43461295052.88;1823719166601;19972909;""2026-01-07T23:59:59.999Z"""
"2026-01-06T00:00:00.000Z;""2026-01-06T23:59:59.999Z"";""2026-01-06T14:24:00.000Z"";""2026-01-06T18:01:00.000Z"";""2781"";93876.948431315;94395.2962546214;91286.5485411382;93729.0297195824;52430605256.81;1871967456941.1;19972453;""2026-01-06T23:59:59.999Z"""
"2026-01-05T00:00:00.000Z;""2026-01-05T23:59:59.999Z"";""2026-01-05T20:30:00.000Z"";""2026-01-05T00:00:00.000Z"";""2781"";91414.6286470278;94762.0680922804;91414.6286470278;93882.553031637;53376407252.23;1874914450779.01;19972043;""2026-01-05T23:59:59.999Z"""
"2026-01-04T00:00:00.000Z;""2026-01-04T23:59:59.999Z"";""2026-01-04T06:24:00.000Z"";""2026-01-04T00:01:00.000Z"";""2781"";90602.9976356266;91712.5829741808;90595.1014440727;91413.4925215554;26770491367.89;1825699779828.25;19971637;""2026-01-04T23:59:59.999Z"""
"2026-01-03T00:00:00.000Z;""2026-01-03T23:59:59.999Z"";""2026-01-03T22:28:00.000Z"";""2026-01-03T07:31:00.000Z"";""2781"";89945.0568192383;90679.5680158005;89328.0683762939;90603.1891408027;20774828591.87;1809448593114.68;19971178;""2026-01-03T23:59:59.999Z"""
"2026-01-02T00:00:00.000Z;""2026-01-02T23:59:59.999Z"";""2026-01-02T17:17:00.000Z"";""2026-01-02T02:23:00.000Z"";""2781"";88733.0655964059;90884.4605568265;88298.6190263091;89944.6938591589;46398906170.6;1796265116604.57;19970693;""2026-01-02T23:59:59.999Z"""
"2026-01-01T00:00:00.000Z;""2026-01-01T23:59:59.999Z"";""2026-01-01T23:47:00.000Z"";""2026-01-01T04:46:00.000Z"";""2781"";87508.0476624348;88803.2267139285;87399.4092378494;88731.9866568408;18849043989.91;1772022035625.02;19970256;""2026-01-01T23:59:59.999Z"""
